#,Topic,Question,Sources,Tiers,Keep (Y/N),Source 1,URL 1,Source 2,URL 2,Other wordings seen
1,3. Why this course,Why did you choose this course?,9,"agent, primary",,Birmingham City University — Credibility interviews,https://www.bcu.ac.uk/international/preparing-for-the-uk/getting-your-visa/credibility-interviews,Meridean Overseas Education Consultants — Pre-CAS Interview Preparation,https://www.meridean.org/blog/pre-cas-interview,Why did you choose your course?
2,1. Why the UK,Why do you want to study at University of Kent?,8,"agent, primary",,Meridean Overseas Education Consultants — Pre-CAS Interview Preparation,https://www.meridean.org/blog/pre-cas-interview,Middlesex University — Preparing for your credibility interview,https://www.mdx.ac.uk/international/student-visas/your-interview/,Why do you want to study in the UK?
3,1. Why the UK,Why have you chosen your course of study?,6,"agent, primary",,NWC Education (Nepal) — Pre-CAS Interview Guide for Nepali Students,https://nwc.education/pre-cas-interview-questions-preparation-for-nepali/,Northumbria University — Credibility interviews,https://www.northumbria.ac.uk/study-at-northumbria/immigration/credibility-interviews/,What course have you chosen and why? | Why have you chosen this course? | Why have you chosen to study in the UK?
4,3. Why this course,How will your course be taught and assessed?,5,primary,,Coventry University — Credibility interviews,https://www.coventry.ac.uk/international-students-hub/coming-to-the-uk/your-visa/credibility-interviews/,SOAS University of London — Credibility Interviews: Student Visa Applications,https://www.soas.ac.uk/sites/default/files/2022-10/Credibility%20Interviews-%20student%20visa%20applications_0.pdf,How is your course assessed?
5,2. Why this university,Which other colleges / universities have you considered?,5,"agent, primary",,SOAS University of London — Credibility Interviews: Student Visa Applications,https://www.soas.ac.uk/sites/default/files/2022-10/Credibility%20Interviews-%20student%20visa%20applications_0.pdf,Sheffield Hallam University — Credibility interview practice questions (PDF),https://www.shu.ac.uk/-/media/home/international/files/int-credibility-interview-practice-qs.pdf,Have you considered other colleges/Universities? | What other universities have you considered in the UK? | Which other colleges/universities have you considered?
6,8. Accommodation & living,How much will your accommodation cost?,4,primary,,Middlesex University — Preparing for your credibility interview,https://www.mdx.ac.uk/international/student-visas/your-interview/,Oxford Brookes University — UKVI Credibility interviews,https://www.brookes.ac.uk/students/isat/visas/student-visa/credibility-interviews,
7,6. Education history,Why have you chosen this course and how does it relate to your previous study?,4,"agent, primary",,Sheffield Hallam University — Credibility interview practice questions (PDF),https://www.shu.ac.uk/-/media/home/international/files/int-credibility-interview-practice-qs.pdf,Staffordshire University — Guide to Credibility Interviews (PDF),https://www.staffs.ac.uk/international/pdf/guide-to-credibility-interviews.pdf,Why did you choose this course and how does it relate to your previous study?
8,6. Education history,You have previously studied in the UK - why have you chosen to return?,4,"agent, primary",,Birmingham City University — Credibility interviews,https://www.bcu.ac.uk/international/preparing-for-the-uk/getting-your-visa/credibility-interviews,Road To Abroad — Credibility Interview for UK: Sample Questions and Answers,https://roadtoabroad.co.in/credibility-interview-for-uk/,You have previously studied in the UK – why have you chosen to return?
9,4. Finance,How will you fund your studies?,4,"agent, primary",,Birmingham City University — Credibility interviews,https://www.bcu.ac.uk/international/preparing-for-the-uk/getting-your-visa/credibility-interviews,Road To Abroad — Credibility Interview for UK: Sample Questions and Answers,https://roadtoabroad.co.in/credibility-interview-for-uk/,
10,5. Post-study plans,How do your studies fit in with your career plans?,4,"agent, primary",,Birmingham City University — Credibility interviews,https://www.bcu.ac.uk/international/preparing-for-the-uk/getting-your-visa/credibility-interviews,Road To Abroad — Credibility Interview for UK: Sample Questions and Answers,https://roadtoabroad.co.in/credibility-interview-for-uk/,How do your studies fit into your career plans?
11,7. Study gap,"You have had a (long) break in your studies, why are you returning to study now?",4,"agent, primary",,Birmingham City University — Credibility interviews,https://www.bcu.ac.uk/international/preparing-for-the-uk/getting-your-visa/credibility-interviews,Road To Abroad — Credibility Interview for UK: Sample Questions and Answers,https://roadtoabroad.co.in/credibility-interview-for-uk/,"You have had a long break from your studies. Why are you returning to study now? | You have had a long break in your studies, why are you returning to study now?"
12,3. Why this course,What modules will you study?,4,"agent, primary",,Edwise Foundation (Nepal) — Pre-CAS Interview for Nepali Students,https://edwisefoundation.com/pre-cas-interview-nepali-students/,Middlesex University — Preparing for your credibility interview,https://www.mdx.ac.uk/international/student-visas/your-interview/,
13,3. Why this course,How long does your course last?,4,"agent, primary",,Middlesex University — Preparing for your credibility interview,https://www.mdx.ac.uk/international/student-visas/your-interview/,Staffordshire University — Guide to Credibility Interviews (PDF),https://www.staffs.ac.uk/international/pdf/guide-to-credibility-interviews.pdf,How long is the course? | How long is your course?
14,3. Why this course,What qualification will you receive when you graduate?,4,"agent, primary",,Middlesex University — Preparing for your credibility interview,https://www.mdx.ac.uk/international/student-visas/your-interview/,Staffordshire University — Guide to Credibility Interviews (PDF),https://www.staffs.ac.uk/international/pdf/guide-to-credibility-interviews.pdf,What qualification will you receive?
15,8. Accommodation & living,Where will you live in the UK?,3,"agent, primary",,Birmingham City University — Credibility interviews,https://www.bcu.ac.uk/international/preparing-for-the-uk/getting-your-visa/credibility-interviews,Edwise Foundation (Nepal) — Pre-CAS Interview for Nepali Students,https://edwisefoundation.com/pre-cas-interview-nepali-students/,Where will you live?
16,4. Finance,Who will be financing the costs of your studies?,3,"agent, primary",,Northumbria University — Credibility interviews,https://www.northumbria.ac.uk/study-at-northumbria/immigration/credibility-interviews/,SOAS University of London — Credibility Interviews: Student Visa Applications,https://www.soas.ac.uk/sites/default/files/2022-10/Credibility%20Interviews-%20student%20visa%20applications_0.pdf,How are you financing your studies? | Who is financing your studies?
17,4. Finance,Do you know how you will you pay for your studies and living costs?,3,primary,,Middlesex University — Preparing for your credibility interview,https://www.mdx.ac.uk/international/student-visas/your-interview/,University of Aberdeen — Credibility Interview,https://www.abdn.ac.uk/study/international/credibility-interview-2559.php,How will you pay for your studies and living costs? | How will you pay for your studies/living costs?
18,4. Finance,How are you funding your studies?,3,"agent, primary",,Sheffield Hallam University — Credibility interview practice questions (PDF),https://www.shu.ac.uk/-/media/home/international/files/int-credibility-interview-practice-qs.pdf,University of Aberdeen — Credibility Interview,https://www.abdn.ac.uk/study/international/credibility-interview-2559.php,Who is funding your studies?
19,4. Finance,"If the costs of pursuing your course of study are higher in the UK than in your home country, why have you decided to incur the extra costs involved with studying in the UK?",3,"agent, primary",,Road To Abroad — Credibility Interview for UK: Sample Questions and Answers,https://roadtoabroad.co.in/credibility-interview-for-uk/,SOAS University of London — Credibility Interviews: Student Visa Applications,https://www.soas.ac.uk/sites/default/files/2022-10/Credibility%20Interviews-%20student%20visa%20applications_0.pdf,"The costs of pursuing your course of study are higher in the UK than in your home country, why have you decided to incur the extra costs by studying in the UK?"
20,4. Finance,What are your parents' annual income?,3,"agent, primary",,Leverage Edu Learn — Pre-CAS Interview Prep: Commonly Asked Questions,https://leverageedu.com/learn/visa-pre-cas-interview/,University of Reading — UKVI interview information for prospective students,https://www.reading.ac.uk/essentials/International/Visa-and-immigration/credibility-interviews,What is the annual income of your parents? | What is your parents' annual income?
21,5. Post-study plans,What are your future plans?,3,"agent, primary",,Meridean Overseas Education Consultants — Pre-CAS Interview Preparation,https://www.meridean.org/blog/pre-cas-interview,University of Aberdeen — Credibility Interview,https://www.abdn.ac.uk/study/international/credibility-interview-2559.php,What are your future career plans?
22,5. Post-study plans,What is the relevance of the course to your future career path?,3,"agent, primary",,Sheffield Hallam University — Credibility interview practice questions (PDF),https://www.shu.ac.uk/-/media/home/international/files/int-credibility-interview-practice-qs.pdf,Staffordshire University — Guide to Credibility Interviews (PDF),https://www.staffs.ac.uk/international/pdf/guide-to-credibility-interviews.pdf,
23,5. Post-study plans,Are you planning to stay in the UK on completion of your course to study for a higher award?,3,"agent, primary",,Sheffield Hallam University — Credibility interview practice questions (PDF),https://www.shu.ac.uk/-/media/home/international/files/int-credibility-interview-practice-qs.pdf,Staffordshire University — Guide to Credibility Interviews (PDF),https://www.staffs.ac.uk/international/pdf/guide-to-credibility-interviews.pdf,"After your course, are you planning to stay in the UK to study for a higher award? | Are you planning to stay in the UK on completion to study for a higher award?"
24,9. Visa & compliance,Have you had any visa refusals in the past?,3,"agent, primary",,Leverage Edu Learn — Pre-CAS Interview Prep: Commonly Asked Questions,https://leverageedu.com/learn/visa-pre-cas-interview/,Meridean Overseas Education Consultants — Pre-CAS Interview Preparation,https://www.meridean.org/blog/pre-cas-interview,Do you have any past visa refusals? | Have you had any visa refusals?
25,9. Visa & compliance,Are you thinking of transferring to another institution on completion of your course?,3,"agent, primary",,Sheffield Hallam University — Credibility interview practice questions (PDF),https://www.shu.ac.uk/-/media/home/international/files/int-credibility-interview-practice-qs.pdf,Staffordshire University — Guide to Credibility Interviews (PDF),https://www.staffs.ac.uk/international/pdf/guide-to-credibility-interviews.pdf,"After your course, are you thinking of transferring to another institution? | Are you thinking of transferring to another institution on completing this course?"
26,7. Study gap,Can you explain the gaps in your study/professional history?,3,"agent, primary",,Sheffield Hallam University — Credibility interview practice questions (PDF),https://www.shu.ac.uk/-/media/home/international/files/int-credibility-interview-practice-qs.pdf,Staffordshire University — Guide to Credibility Interviews (PDF),https://www.staffs.ac.uk/international/pdf/guide-to-credibility-interviews.pdf,How do you explain the gaps in your study history? | How do you explain the gaps in your study/professional history?
27,3. Why this course,What other courses (if any) did you consider studying?,3,primary,,Middlesex University — Preparing for your credibility interview,https://www.mdx.ac.uk/international/student-visas/your-interview/,University of Aberdeen — Credibility Interview,https://www.abdn.ac.uk/study/international/credibility-interview-2559.php,What other courses did you consider?
28,3. Why this course,How is your chosen course assessed?,3,"agent, primary",,Sheffield Hallam University — Credibility interview practice questions (PDF),https://www.shu.ac.uk/-/media/home/international/files/int-credibility-interview-practice-qs.pdf,Staffordshire University — Guide to Credibility Interviews (PDF),https://www.staffs.ac.uk/international/pdf/guide-to-credibility-interviews.pdf,
29,3. Why this course,Does this course offer any professional recognition?,3,"agent, primary",,Sheffield Hallam University — Credibility interview practice questions (PDF),https://www.shu.ac.uk/-/media/home/international/files/int-credibility-interview-practice-qs.pdf,Staffordshire University — Guide to Credibility Interviews (PDF),https://www.staffs.ac.uk/international/pdf/guide-to-credibility-interviews.pdf,
30,1. Why the UK,What are the benefits of studying in the UK compared to your home country or other countries that mean it is worth the cost to you?,3,primary,,Oxford Brookes University — UKVI Credibility interviews,https://www.brookes.ac.uk/students/isat/visas/student-visa/credibility-interviews,SOAS University of London — Credibility Interviews: Student Visa Applications,https://www.soas.ac.uk/sites/default/files/2022-10/Credibility%20Interviews-%20student%20visa%20applications_0.pdf,What are the benefits of studying in the UK compared to your home country or any other countries? | What are the benefits of studying in the UK compared to your home country?
31,2. Why this university,What other universities did you consider? Why?,3,primary,,Coventry University — Credibility interviews,https://www.coventry.ac.uk/international-students-hub/coming-to-the-uk/your-visa/credibility-interviews/,University of Bradford — Credibility checks: Student visas,https://www.bradford.ac.uk/international/support/visa-support/student-visas/credibility-checks/,Which other Universities did you consider? | Which other universities did you consider?
32,2. Why this university,How did you find out about it?,3,"agent, primary",,Sheffield Hallam University — Credibility interview practice questions (PDF),https://www.shu.ac.uk/-/media/home/international/files/int-credibility-interview-practice-qs.pdf,Staffordshire University — Guide to Credibility Interviews (PDF),https://www.staffs.ac.uk/international/pdf/guide-to-credibility-interviews.pdf,
33,2. Why this university,Do you know anyone else who has already studied there?,3,"agent, primary",,Sheffield Hallam University — Credibility interview practice questions (PDF),https://www.shu.ac.uk/-/media/home/international/files/int-credibility-interview-practice-qs.pdf,Staffordshire University — Guide to Credibility Interviews (PDF),https://www.staffs.ac.uk/international/pdf/guide-to-credibility-interviews.pdf,Do you know anyone who has already studied there?
34,2. Why this university,Why did you choose Birmingham City University (BCU)?,3,"agent, primary",,Birmingham City University — Credibility interviews,https://www.bcu.ac.uk/international/preparing-for-the-uk/getting-your-visa/credibility-interviews,Meridean Overseas Education Consultants — Pre-CAS Interview Preparation,https://www.meridean.org/blog/pre-cas-interview,Why did you choose Roehampton University? | Why did you choose this university?
35,8. Accommodation & living,Where do you plan to live during your studies at Northumbria University?,2,primary,,Northumbria University — Credibility interviews,https://www.northumbria.ac.uk/study-at-northumbria/immigration/credibility-interviews/,Oxford Brookes University — UKVI Credibility interviews,https://www.brookes.ac.uk/students/isat/visas/student-visa/credibility-interviews,Where do you plan to live during your studies?
36,6. Education history,Have you studied abroad previously?,2,primary,,University of Hertfordshire — Sponsorship interview,https://www.herts.ac.uk/international/apply/offer-holder-guidance/sponsorship-interview,University of Lincoln — Pre-CAS Interview | Information for Offer Holders,https://www.lincoln.ac.uk/studywithus/internationalstudents/informationforofferholders/pre-casinterview/,What have you studied previously?
37,4. Finance,How much are the tuition fees?,2,primary,,Middlesex University — Preparing for your credibility interview,https://www.mdx.ac.uk/international/student-visas/your-interview/,University of Aberdeen — Credibility Interview,https://www.abdn.ac.uk/study/international/credibility-interview-2559.php,
38,4. Finance,Are you able to pay your tuition fees in full up front?,2,"agent, primary",,SOAS University of London — Credibility Interviews: Student Visa Applications,https://www.soas.ac.uk/sites/default/files/2022-10/Credibility%20Interviews-%20student%20visa%20applications_0.pdf,Staffordshire University — Guide to Credibility Interviews (PDF),https://www.staffs.ac.uk/international/pdf/guide-to-credibility-interviews.pdf,Would you be able to pay your tuition fees in full up front?
39,4. Finance,Have you checked the University refund policy?,2,"agent, primary",,SOAS University of London — Credibility Interviews: Student Visa Applications,https://www.soas.ac.uk/sites/default/files/2022-10/Credibility%20Interviews-%20student%20visa%20applications_0.pdf,Staffordshire University — Guide to Credibility Interviews (PDF),https://www.staffs.ac.uk/international/pdf/guide-to-credibility-interviews.pdf,Have you checked the refund policy?
40,4. Finance,How will you finance your studies (fees and living costs in the UK)?,2,primary,,University of Reading — UKVI interview information for prospective students,https://www.reading.ac.uk/essentials/International/Visa-and-immigration/credibility-interviews,University of Westminster — Credibility interviews,https://www.westminster.ac.uk/international/visas-and-advice/visas/student-visa/credibility-interviews,
41,4. Finance,How will they manage to pay for your studies in the UK and their own regular living expenses?,2,primary,,University of Reading — UKVI interview information for prospective students,https://www.reading.ac.uk/essentials/International/Visa-and-immigration/credibility-interviews,University of Westminster — Credibility interviews,https://www.westminster.ac.uk/international/visas-and-advice/visas/student-visa/credibility-interviews,How will they manage to pay for your studies in the UK and their own regular living expenses
42,4. Finance,How much money will you need per month for living expenses?,2,primary,,University of Reading — UKVI interview information for prospective students,https://www.reading.ac.uk/essentials/International/Visa-and-immigration/credibility-interviews,University of Westminster — Credibility interviews,https://www.westminster.ac.uk/international/visas-and-advice/visas/student-visa/credibility-interviews,
43,4. Finance,Will you have access to this money for the whole of your studies in the UK?,2,primary,,University of Reading — UKVI interview information for prospective students,https://www.reading.ac.uk/essentials/International/Visa-and-immigration/credibility-interviews,University of Westminster — Credibility interviews,https://www.westminster.ac.uk/international/visas-and-advice/visas/student-visa/credibility-interviews,
44,4. Finance,"If you are funding your studies in the UK yourself, how do you see this investment being worth the cost?",2,primary,,University of Reading — UKVI interview information for prospective students,https://www.reading.ac.uk/essentials/International/Visa-and-immigration/credibility-interviews,University of Westminster — Credibility interviews,https://www.westminster.ac.uk/international/visas-and-advice/visas/student-visa/credibility-interviews,
45,5. Post-study plans,"What are your future career goals, and how will this course help you achieve them?",2,primary,,Northumbria University — Credibility interviews,https://www.northumbria.ac.uk/study-at-northumbria/immigration/credibility-interviews/,Oxford Brookes University — UKVI Credibility interviews,https://www.brookes.ac.uk/students/isat/visas/student-visa/credibility-interviews,How will the course help you with your future career goals?
46,5. Post-study plans,How relevant is this course to your future career plans?,2,"agent, primary",,SOAS University of London — Credibility Interviews: Student Visa Applications,https://www.soas.ac.uk/sites/default/files/2022-10/Credibility%20Interviews-%20student%20visa%20applications_0.pdf,UKVisa.blog — UK Student Visa Interview 2025: Best Tips to Show Credibility,https://ukvisa.blog/uk-student-visa-interview/,How is this course relevant to your future plans?
47,5. Post-study plans,What do you plan to do after completing your course?,2,primary,,Bournemouth University — Credibility interviews: information for international applicants,https://www.bournemouth.ac.uk/students/help-advice/international-students/immigration-visas/student-route-visa/visa-application-credibility-interviews,SOAS University of London — Credibility Interviews: Student Visa Applications,https://www.soas.ac.uk/sites/default/files/2022-10/Credibility%20Interviews-%20student%20visa%20applications_0.pdf,What will you do after completing your course?
48,10. Identity & personal,Can you please introduce yourself?,2,agent,,Edwise Foundation (Nepal) — Pre-CAS Interview for Nepali Students,https://edwisefoundation.com/pre-cas-interview-nepali-students/,Leverage Edu Learn — Pre-CAS Interview Prep: Commonly Asked Questions,https://leverageedu.com/learn/visa-pre-cas-interview/,Introduce yourself.
49,9. Visa & compliance,Do you plan to work part-time during your studies?,2,"agent, primary",,Oxford Brookes University — UKVI Credibility interviews,https://www.brookes.ac.uk/students/isat/visas/student-visa/credibility-interviews,UKVisa.blog — UK Student Visa Interview 2025: Best Tips to Show Credibility,https://ukvisa.blog/uk-student-visa-interview/,Do you plan to work part-time in the UK?
50,9. Visa & compliance,Are you planning to work while you are in the UK?,2,primary,,Middlesex University — Preparing for your credibility interview,https://www.mdx.ac.uk/international/student-visas/your-interview/,University of Aberdeen — Credibility Interview,https://www.abdn.ac.uk/study/international/credibility-interview-2559.php,
51,9. Visa & compliance,Do you plan to work in the UK?,2,"agent, primary",,Birmingham City University — Credibility interviews,https://www.bcu.ac.uk/international/preparing-for-the-uk/getting-your-visa/credibility-interviews,Road To Abroad — Credibility Interview for UK: Sample Questions and Answers,https://roadtoabroad.co.in/credibility-interview-for-uk/,
52,9. Visa & compliance,Have you had any visas for other countries?,2,"agent, primary",,Staffordshire University — Guide to Credibility Interviews (PDF),https://www.staffs.ac.uk/international/pdf/guide-to-credibility-interviews.pdf,University of Portsmouth — Credibility interviews,https://myport.port.ac.uk/study/international-students/visa-advice/credibility-interviews,Have you had any visas for any other countries?
53,9. Visa & compliance,Have you ever visited the UK before?,2,"agent, primary",,UKVisa.blog — UK Student Visa Interview 2025: Best Tips to Show Credibility,https://ukvisa.blog/uk-student-visa-interview/,University of Bradford — Credibility checks: Student visas,https://www.bradford.ac.uk/international/support/visa-support/student-visas/credibility-checks/,
54,9. Visa & compliance,Have you ever had a visa refusal for the UK or any other country?,2,"agent, primary",,Optimus Global Education — UK Pre-CAS Interview 2026,https://www.optimusglobaledu.com/blogs/uk-pre-cas-interview-guide-2026,University of Bradford — Credibility checks: Student visas,https://www.bradford.ac.uk/international/support/visa-support/student-visas/credibility-checks/,
55,9. Visa & compliance,Do you know how many hours you are allowed to work in the UK?,2,agent,,AEC Overseas — Top UK Student Visa Interview Questions and Answers,https://www.aecoverseas.com/blog/uk-student-visa-interview-questions-answers/,Staffordshire University — Guide to Credibility Interviews (PDF),https://www.staffs.ac.uk/international/pdf/guide-to-credibility-interviews.pdf,Do you know how many hours you are allowed to work?
56,3. Why this course,How will you be assessed?,2,"agent, primary",,Edwise Foundation (Nepal) — Pre-CAS Interview for Nepali Students,https://edwisefoundation.com/pre-cas-interview-nepali-students/,Middlesex University — Preparing for your credibility interview,https://www.mdx.ac.uk/international/student-visas/your-interview/,How is it assessed?
57,3. Why this course,What do you know about the structure of your course?,2,primary,,Bournemouth University — Credibility interviews: information for international applicants,https://www.bournemouth.ac.uk/students/help-advice/international-students/immigration-visas/student-route-visa/visa-application-credibility-interviews,SOAS University of London — Credibility Interviews: Student Visa Applications,https://www.soas.ac.uk/sites/default/files/2022-10/Credibility%20Interviews-%20student%20visa%20applications_0.pdf,What is the structure of the course?
58,3. Why this course,Do you know what level your course is at?,2,"agent, primary",,Staffordshire University — Guide to Credibility Interviews (PDF),https://www.staffs.ac.uk/international/pdf/guide-to-credibility-interviews.pdf,University of Reading — UKVI interview information for prospective students,https://www.reading.ac.uk/essentials/International/Visa-and-immigration/credibility-interviews,
59,3. Why this course,Did you consider any other course?,2,"agent, primary",,Staffordshire University — Guide to Credibility Interviews (PDF),https://www.staffs.ac.uk/international/pdf/guide-to-credibility-interviews.pdf,University of Reading — UKVI interview information for prospective students,https://www.reading.ac.uk/essentials/International/Visa-and-immigration/credibility-interviews,
60,1. Why the UK,What motivated you to choose the UK as your study destination?,2,"agent, primary",,Bournemouth University — Credibility interviews: information for international applicants,https://www.bournemouth.ac.uk/students/help-advice/international-students/immigration-visas/student-route-visa/visa-application-credibility-interviews,University of Plymouth — UKVI credibility interviews,https://www.plymouth.ac.uk/services/international-student-advice/ukvi-credibility-interviews,
61,1. Why the UK,What are the benefits of studying in the UK compared to your home country or USA/Canada/Australia etc.?,2,"agent, primary",,Sheffield Hallam University — Credibility interview practice questions (PDF),https://www.shu.ac.uk/-/media/home/international/files/int-credibility-interview-practice-qs.pdf,Staffordshire University — Guide to Credibility Interviews (PDF),https://www.staffs.ac.uk/international/pdf/guide-to-credibility-interviews.pdf,What are the benefits of studying in the UK compared to your home country or USA/Canada/Australia etc?
62,1. Why the UK,Why did you choose to study in the UK?,2,"agent, primary",,NWC Education (Nepal) — Pre-CAS Interview Guide for Nepali Students,https://nwc.education/pre-cas-interview-questions-preparation-for-nepali/,University of Gloucestershire — Credibility interviews (Knowledge Base),https://www.glos.ac.uk/information/knowledge-base/credibility-interviews/,Why did you choose this field of study?
63,2. Why this university,Why did you choose University of Reading over other universities?,2,primary,,University of Lincoln — Pre-CAS Interview | Information for Offer Holders,https://www.lincoln.ac.uk/studywithus/internationalstudents/informationforofferholders/pre-casinterview/,University of Reading — UKVI interview information for prospective students,https://www.reading.ac.uk/essentials/International/Visa-and-immigration/credibility-interviews,Why did you choose the UK? | Why did you choose the University of Lincoln?
64,2. Why this university,Which other institutions did you consider?,2,primary,,Middlesex University — Preparing for your credibility interview,https://www.mdx.ac.uk/international/student-visas/your-interview/,University of Aberdeen — Credibility Interview,https://www.abdn.ac.uk/study/international/credibility-interview-2559.php,What other institutions did you consider?
65,2. Why this university,Where is the college / university?,2,"agent, primary",,Sheffield Hallam University — Credibility interview practice questions (PDF),https://www.shu.ac.uk/-/media/home/international/files/int-credibility-interview-practice-qs.pdf,Staffordshire University — Guide to Credibility Interviews (PDF),https://www.staffs.ac.uk/international/pdf/guide-to-credibility-interviews.pdf,Where is the college/university? | Why did you choose this university/college?
66,2. Why this university,Do you know roughly how large the college / university is?,2,"agent, primary",,Sheffield Hallam University — Credibility interview practice questions (PDF),https://www.shu.ac.uk/-/media/home/international/files/int-credibility-interview-practice-qs.pdf,Staffordshire University — Guide to Credibility Interviews (PDF),https://www.staffs.ac.uk/international/pdf/guide-to-credibility-interviews.pdf,Do you know roughly how large the college/university is?
67,2. Why this university,What facilities are you expecting at the college/university?,2,"agent, primary",,Sheffield Hallam University — Credibility interview practice questions (PDF),https://www.shu.ac.uk/-/media/home/international/files/int-credibility-interview-practice-qs.pdf,Staffordshire University — Guide to Credibility Interviews (PDF),https://www.staffs.ac.uk/international/pdf/guide-to-credibility-interviews.pdf,
68,8. Accommodation & living,What research have you undertaken regarding accommodation options?,1,primary,,University of Lincoln — Pre-CAS Interview | Information for Offer Holders,https://www.lincoln.ac.uk/studywithus/internationalstudents/informationforofferholders/pre-casinterview/,,,
69,8. Accommodation & living,Do you plan to live on or off campus? Why?,1,primary,,University of Lincoln — Pre-CAS Interview | Information for Offer Holders,https://www.lincoln.ac.uk/studywithus/internationalstudents/informationforofferholders/pre-casinterview/,,,
70,8. Accommodation & living,How far is your preferred accommodation from the University?,1,primary,,University of Lincoln — Pre-CAS Interview | Information for Offer Holders,https://www.lincoln.ac.uk/studywithus/internationalstudents/informationforofferholders/pre-casinterview/,,,
71,8. Accommodation & living,How will you travel to classes?,1,primary,,University of Lincoln — Pre-CAS Interview | Information for Offer Holders,https://www.lincoln.ac.uk/studywithus/internationalstudents/informationforofferholders/pre-casinterview/,,,
72,8. Accommodation & living,What do you know about Oxford as a place to live and study?,1,primary,,Oxford Brookes University — UKVI Credibility interviews,https://www.brookes.ac.uk/students/isat/visas/student-visa/credibility-interviews,,,
73,8. Accommodation & living,How will you travel to and from the university?,1,primary,,Oxford Brookes University — UKVI Credibility interviews,https://www.brookes.ac.uk/students/isat/visas/student-visa/credibility-interviews,,,
74,8. Accommodation & living,Where do you plan to live while studying at University of Kent?,1,primary,,University of Kent — Credibility Interviews,https://www.kent.ac.uk/international/credibility-interviews,,,
75,8. Accommodation & living,Where will you live and how far will this be from campus?,1,primary,,University of Aberdeen — Credibility Interview,https://www.abdn.ac.uk/study/international/credibility-interview-2559.php,,,
76,8. Accommodation & living,How will you travel to campus each day and the bus routes?,1,primary,,University of Aberdeen — Credibility Interview,https://www.abdn.ac.uk/study/international/credibility-interview-2559.php,,,
77,8. Accommodation & living,Have you found accommodation? Do you know the costs of accommodation in London?,1,primary,,SOAS University of London — Credibility Interviews: Student Visa Applications,https://www.soas.ac.uk/sites/default/files/2022-10/Credibility%20Interviews-%20student%20visa%20applications_0.pdf,,,
78,8. Accommodation & living,"Where will you live in London, how far is it from the campus you will study on, and why do you want to live there?",1,primary,,University of Westminster — Credibility interviews,https://www.westminster.ac.uk/international/visas-and-advice/visas/student-visa/credibility-interviews,,,
79,8. Accommodation & living,How will you travel from your accommodation to the University?,1,primary,,University of Westminster — Credibility interviews,https://www.westminster.ac.uk/international/visas-and-advice/visas/student-visa/credibility-interviews,,,
80,8. Accommodation & living,How much will your accommodation cost and are you clear about the cost of living in the UK?,1,primary,,University of Reading — UKVI interview information for prospective students,https://www.reading.ac.uk/essentials/International/Visa-and-immigration/credibility-interviews,,,
81,8. Accommodation & living,Where do you intend to live while you are in the UK?,1,primary,,Sheffield Hallam University — Credibility interview practice questions (PDF),https://www.shu.ac.uk/-/media/home/international/files/int-credibility-interview-practice-qs.pdf,,,
82,8. Accommodation & living,Have you already arranged accommodation?,1,primary,,Sheffield Hallam University — Credibility interview practice questions (PDF),https://www.shu.ac.uk/-/media/home/international/files/int-credibility-interview-practice-qs.pdf,,,
83,8. Accommodation & living,What do you know about the city of Bradford?,1,primary,,University of Bradford — Credibility checks: Student visas,https://www.bradford.ac.uk/international/support/visa-support/student-visas/credibility-checks/,,,
84,8. Accommodation & living,"Have you carried out research on accommodation costs, location, availability?",1,primary,,University of Bradford — Credibility checks: Student visas,https://www.bradford.ac.uk/international/support/visa-support/student-visas/credibility-checks/,,,
85,8. Accommodation & living,Where is your university located?,1,agent,,Meridean Overseas Education Consultants — Pre-CAS Interview Preparation,https://www.meridean.org/blog/pre-cas-interview,,,
86,8. Accommodation & living,Have you looked into housing costs?,1,agent,,Edwise Foundation (Nepal) — Pre-CAS Interview for Nepali Students,https://edwisefoundation.com/pre-cas-interview-nepali-students/,,,
87,8. Accommodation & living,Where will you be staying during your studies in the UK?,1,agent,,NWC Education (Nepal) — Pre-CAS Interview Guide for Nepali Students,https://nwc.education/pre-cas-interview-questions-preparation-for-nepali/,,,
88,8. Accommodation & living,What are the estimated monthly living costs in your study city?,1,agent,,NWC Education (Nepal) — Pre-CAS Interview Guide for Nepali Students,https://nwc.education/pre-cas-interview-questions-preparation-for-nepali/,,,
89,8. Accommodation & living,Why are you interested in the specific city where you'll study?,1,agent,,NWC Education (Nepal) — Pre-CAS Interview Guide for Nepali Students,https://nwc.education/pre-cas-interview-questions-preparation-for-nepali/,,,
90,8. Accommodation & living,"Where is the university campus located, and what do you know about the city?",1,agent,,Optimus Global Education — UK Pre-CAS Interview 2026,https://www.optimusglobaledu.com/blogs/uk-pre-cas-interview-guide-2026,,,
91,8. Accommodation & living,What specifically attracted you to [city name]?,1,agent,,The Mentors Circle — UK Student Visa Interview Questions 2026: India Guide,https://thementorscircle.com/blogs/post/uk-student-visa-interview-questions-2026-indian-students-guide/,,,
92,8. Accommodation & living,How will you arrange your accommodation in the UK?,1,agent,,The Mentors Circle — UK Student Visa Interview Questions 2026: India Guide,https://thementorscircle.com/blogs/post/uk-student-visa-interview-questions-2026-indian-students-guide/,,,
93,8. Accommodation & living,What is the typical weather in [city] at this time of year? What is the average cost of a meal in [city]?,1,agent,,The Mentors Circle — UK Student Visa Interview Questions 2026: India Guide,https://thementorscircle.com/blogs/post/uk-student-visa-interview-questions-2026-indian-students-guide/,,,
94,8. Accommodation & living,Will you need help finding accommodation?,1,agent,,Staffordshire University — Guide to Credibility Interviews (PDF),https://www.staffs.ac.uk/international/pdf/guide-to-credibility-interviews.pdf,,,
95,8. Accommodation & living,Do you need a meet and greet service?,1,agent,,Staffordshire University — Guide to Credibility Interviews (PDF),https://www.staffs.ac.uk/international/pdf/guide-to-credibility-interviews.pdf,,,
96,8. Accommodation & living,Do you know what your accommodation will cost in the UK?,1,agent,,Staffordshire University — Guide to Credibility Interviews (PDF),https://www.staffs.ac.uk/international/pdf/guide-to-credibility-interviews.pdf,,,
97,8. Accommodation & living,Do you know how much your living expenses will be?,1,agent,,Staffordshire University — Guide to Credibility Interviews (PDF),https://www.staffs.ac.uk/international/pdf/guide-to-credibility-interviews.pdf,,,
98,8. Accommodation & living,"Where is the university located, and where will you live in the UK?",1,agent,,Leverage Edu — UK Student Visa Interview Questions and Answers,https://leverageedu.com/blog/uk-student-visa-questions/,,,
99,8. Accommodation & living,Where Will You Stay in the UK?,1,agent,,Innovation Immigration — UK Student Visa Interview Questions 2026,https://innovationimmigration.co.in/uk-student-visa-interview-questions-2026-what-indian-students-should-expect/,,,
100,8. Accommodation & living,"Where will you live, and what will it cost?",1,agent,,Global Pathways — UK Student Visa Interview Questions (2026 Guide),https://www.globalpathways.co.uk/uk-student-visa-interview-questions/,,,
101,8. Accommodation & living,What is your weekly budget?,1,agent,,Global Pathways — UK Student Visa Interview Questions (2026 Guide),https://www.globalpathways.co.uk/uk-student-visa-interview-questions/,,,
102,6. Education history,How is the course related to your previous studies or work experience?,1,primary,,Oxford Brookes University — UKVI Credibility interviews,https://www.brookes.ac.uk/students/isat/visas/student-visa/credibility-interviews,,,
103,6. Education history,What was the last course of study you completed and when?,1,primary,,University of Aberdeen — Credibility Interview,https://www.abdn.ac.uk/study/international/credibility-interview-2559.php,,,
104,6. Education history,"If you have previously studied in higher education, why you are studying another course and why now",1,primary,,University of Westminster — Credibility interviews,https://www.westminster.ac.uk/international/visas-and-advice/visas/student-visa/credibility-interviews,,,
105,6. Education history,How does this course relate to your previous education or experience?,1,primary,,Bournemouth University — Credibility interviews: information for international applicants,https://www.bournemouth.ac.uk/students/help-advice/international-students/immigration-visas/student-route-visa/visa-application-credibility-interviews,,,
106,6. Education history,Where have you studied previously and why did you choose this course of study?,1,primary,,University of Bradford — Credibility checks: Student visas,https://www.bradford.ac.uk/international/support/visa-support/student-visas/credibility-checks/,,,
107,6. Education history,What is your academic background?,1,agent,,Edwise Foundation (Nepal) — Pre-CAS Interview for Nepali Students,https://edwisefoundation.com/pre-cas-interview-nepali-students/,,,
108,6. Education history,How does this course align with your academic background?,1,agent,,NWC Education (Nepal) — Pre-CAS Interview Guide for Nepali Students,https://nwc.education/pre-cas-interview-questions-preparation-for-nepali/,,,
109,6. Education history,Explain your academic background and how it relates to this new course.,1,agent,,Optimus Global Education — UK Pre-CAS Interview 2026,https://www.optimusglobaledu.com/blogs/uk-pre-cas-interview-guide-2026,,,
110,6. Education history,"What was your undergraduate degree, and from which university?",1,agent,,The Mentors Circle — UK Student Visa Interview Questions 2026: India Guide,https://thementorscircle.com/blogs/post/uk-student-visa-interview-questions-2026-indian-students-guide/,,,
111,6. Education history,What was your final percentage or CGPA?,1,agent,,The Mentors Circle — UK Student Visa Interview Questions 2026: India Guide,https://thementorscircle.com/blogs/post/uk-student-visa-interview-questions-2026-indian-students-guide/,,,
112,6. Education history,Why are you not continuing in your previous field of study?,1,agent,,The Mentors Circle — UK Student Visa Interview Questions 2026: India Guide,https://thementorscircle.com/blogs/post/uk-student-visa-interview-questions-2026-indian-students-guide/,,,
113,6. Education history,Did you have any backlogs in your undergraduate degree? Please explain.,1,agent,,The Mentors Circle — UK Student Visa Interview Questions 2026: India Guide,https://thementorscircle.com/blogs/post/uk-student-visa-interview-questions-2026-indian-students-guide/,,,
114,6. Education history,How has your previous academic background prepared you for this programme?,1,agent,,The Mentors Circle — UK Student Visa Interview Questions 2026: India Guide,https://thementorscircle.com/blogs/post/uk-student-visa-interview-questions-2026-indian-students-guide/,,,
115,6. Education history,What is your current occupation?,1,agent,,Staffordshire University — Guide to Credibility Interviews (PDF),https://www.staffs.ac.uk/international/pdf/guide-to-credibility-interviews.pdf,,,
116,6. Education history,What have you studied in India/ the Country you belong to?,1,agent,,Leverage Edu — UK Student Visa Interview Questions and Answers,https://leverageedu.com/blog/uk-student-visa-questions/,,,
117,6. Education history,How Is This Course Relevant to Your Previous Studies?,1,agent,,Innovation Immigration — UK Student Visa Interview Questions 2026,https://innovationimmigration.co.in/uk-student-visa-interview-questions-2026-what-indian-students-should-expect/,,,
118,6. Education history,Why are you changing subject?,1,agent,,Global Pathways — UK Student Visa Interview Questions (2026 Guide),https://www.globalpathways.co.uk/uk-student-visa-interview-questions/,,,
119,6. Education history,Why study at the same level again?,1,agent,,Global Pathways — UK Student Visa Interview Questions (2026 Guide),https://www.globalpathways.co.uk/uk-student-visa-interview-questions/,,,
120,11. English ability,Tell me about a typical day in your life.,1,agent,,The Mentors Circle — UK Student Visa Interview Questions 2026: India Guide,https://thementorscircle.com/blogs/post/uk-student-visa-interview-questions-2026-indian-students-guide/,,,
121,11. English ability,Describe your hometown.,1,agent,,The Mentors Circle — UK Student Visa Interview Questions 2026: India Guide,https://thementorscircle.com/blogs/post/uk-student-visa-interview-questions-2026-indian-students-guide/,,,
122,11. English ability,"What subject did you study most recently, and what was the most interesting topic?",1,agent,,The Mentors Circle — UK Student Visa Interview Questions 2026: India Guide,https://thementorscircle.com/blogs/post/uk-student-visa-interview-questions-2026-indian-students-guide/,,,
123,11. English ability,"Tell me about a recent book, news story, or topic that interested you.",1,agent,,The Mentors Circle — UK Student Visa Interview Questions 2026: India Guide,https://thementorscircle.com/blogs/post/uk-student-visa-interview-questions-2026-indian-students-guide/,,,
124,4. Finance,How are you paying for your course?,1,primary,,University of Lincoln — Pre-CAS Interview | Information for Offer Holders,https://www.lincoln.ac.uk/studywithus/internationalstudents/informationforofferholders/pre-casinterview/,,,
125,4. Finance,Are you receiving financial support? Where from?,1,primary,,University of Lincoln — Pre-CAS Interview | Information for Offer Holders,https://www.lincoln.ac.uk/studywithus/internationalstudents/informationforofferholders/pre-casinterview/,,,
126,4. Finance,What are the UKVI maintenance requirements?,1,primary,,University of Lincoln — Pre-CAS Interview | Information for Offer Holders,https://www.lincoln.ac.uk/studywithus/internationalstudents/informationforofferholders/pre-casinterview/,,,
127,4. Finance,How will you pay your tuition fees?,1,primary,,Oxford Brookes University — UKVI Credibility interviews,https://www.brookes.ac.uk/students/isat/visas/student-visa/credibility-interviews,,,
128,4. Finance,How will you pay for your living expenses and accommodation?,1,primary,,Oxford Brookes University — UKVI Credibility interviews,https://www.brookes.ac.uk/students/isat/visas/student-visa/credibility-interviews,,,
129,4. Finance,"If your parents or a sponsor are funding you, how can they afford it?",1,primary,,Oxford Brookes University — UKVI Credibility interviews,https://www.brookes.ac.uk/students/isat/visas/student-visa/credibility-interviews,,,
130,4. Finance,What is your estimated monthly living cost in Oxford?,1,primary,,Oxford Brookes University — UKVI Credibility interviews,https://www.brookes.ac.uk/students/isat/visas/student-visa/credibility-interviews,,,
131,4. Finance,What is/was your monthly salary?,1,primary,,University of Aberdeen — Credibility Interview,https://www.abdn.ac.uk/study/international/credibility-interview-2559.php,,,
132,4. Finance,What is your financial sponsor's (father/mother) income?,1,primary,,University of Aberdeen — Credibility Interview,https://www.abdn.ac.uk/study/international/credibility-interview-2559.php,,,
133,4. Finance,How many people are dependent on their (father/mother) income?,1,primary,,University of Aberdeen — Credibility Interview,https://www.abdn.ac.uk/study/international/credibility-interview-2559.php,,,
134,4. Finance,Where have the funds in the bank account come from?,1,primary,,University of Aberdeen — Credibility Interview,https://www.abdn.ac.uk/study/international/credibility-interview-2559.php,,,
135,4. Finance,How long have the funds been in the account?,1,primary,,University of Aberdeen — Credibility Interview,https://www.abdn.ac.uk/study/international/credibility-interview-2559.php,,,
136,4. Finance,Are the funds still in the account?,1,primary,,University of Aberdeen — Credibility Interview,https://www.abdn.ac.uk/study/international/credibility-interview-2559.php,,,
137,4. Finance,How will you support yourself financially whilst studying in the UK?,1,primary,,SOAS University of London — Credibility Interviews: Student Visa Applications,https://www.soas.ac.uk/sites/default/files/2022-10/Credibility%20Interviews-%20student%20visa%20applications_0.pdf,,,
138,4. Finance,Do you have any personal savings?,1,primary,,SOAS University of London — Credibility Interviews: Student Visa Applications,https://www.soas.ac.uk/sites/default/files/2022-10/Credibility%20Interviews-%20student%20visa%20applications_0.pdf,,,
139,4. Finance,Have you submitted evidence of the financial status of your official sponsor?,1,primary,,SOAS University of London — Credibility Interviews: Student Visa Applications,https://www.soas.ac.uk/sites/default/files/2022-10/Credibility%20Interviews-%20student%20visa%20applications_0.pdf,,,
140,4. Finance,If you are being funded by your parents. what do your parents do for a living?,1,primary,,University of Westminster — Credibility interviews,https://www.westminster.ac.uk/international/visas-and-advice/visas/student-visa/credibility-interviews,,,
141,4. Finance,What do your parents do for a living?,1,primary,,University of Reading — UKVI interview information for prospective students,https://www.reading.ac.uk/essentials/International/Visa-and-immigration/credibility-interviews,,,
142,4. Finance,How do you plan to pay for your tuition fees and living expenses?,1,primary,,Bournemouth University — Credibility interviews: information for international applicants,https://www.bournemouth.ac.uk/students/help-advice/international-students/immigration-visas/student-route-visa/visa-application-credibility-interviews,,,
143,4. Finance,Who will be paying for your studies?,1,primary,,University of Hertfordshire — Sponsorship interview,https://www.herts.ac.uk/international/apply/offer-holder-guidance/sponsorship-interview,,,
144,4. Finance,Where did you receive your money from?,1,primary,,University of Portsmouth — Credibility interviews,https://myport.port.ac.uk/study/international-students/visa-advice/credibility-interviews,,,
145,4. Finance,What is your family's financial situation?,1,primary,,University of Portsmouth — Credibility interviews,https://myport.port.ac.uk/study/international-students/visa-advice/credibility-interviews,,,
146,4. Finance,"If you are a sponsored student, what does your sponsorship cover?",1,primary,,University of Portsmouth — Credibility interviews,https://myport.port.ac.uk/study/international-students/visa-advice/credibility-interviews,,,
147,4. Finance,"If you have taken out a bank loan to finance your studies, how do you intend to repay it?",1,primary,,Sheffield Hallam University — Credibility interview practice questions (PDF),https://www.shu.ac.uk/-/media/home/international/files/int-credibility-interview-practice-qs.pdf,,,
148,4. Finance,How do you intend to fund your studies and what impact will this have on your home life?,1,primary,,University of Gloucestershire — Credibility interviews (Knowledge Base),https://www.glos.ac.uk/information/knowledge-base/credibility-interviews/,,,
149,4. Finance,How will you fund your studies for the full duration of your course?,1,primary,,University of Bradford — Credibility checks: Student visas,https://www.bradford.ac.uk/international/support/visa-support/student-visas/credibility-checks/,,,
150,4. Finance,What are the source of your funds and will you have access throughout your studies?,1,primary,,University of Bradford — Credibility checks: Student visas,https://www.bradford.ac.uk/international/support/visa-support/student-visas/credibility-checks/,,,
151,4. Finance,If you have a loan how do you plan on paying this back?,1,primary,,University of Bradford — Credibility checks: Student visas,https://www.bradford.ac.uk/international/support/visa-support/student-visas/credibility-checks/,,,
152,4. Finance,What is your expected living expense?,1,agent,,Meridean Overseas Education Consultants — Pre-CAS Interview Preparation,https://www.meridean.org/blog/pre-cas-interview,,,
153,4. Finance,Who is sponsoring your studies?,1,agent,,Meridean Overseas Education Consultants — Pre-CAS Interview Preparation,https://www.meridean.org/blog/pre-cas-interview,,,
154,4. Finance,How much are your tuition and living costs?,1,agent,,Edwise Foundation (Nepal) — Pre-CAS Interview for Nepali Students,https://edwisefoundation.com/pre-cas-interview-nepali-students/,,,
155,4. Finance,Who is funding you?,1,agent,,Edwise Foundation (Nepal) — Pre-CAS Interview for Nepali Students,https://edwisefoundation.com/pre-cas-interview-nepali-students/,,,
156,4. Finance,How were the funds arranged?,1,agent,,Edwise Foundation (Nepal) — Pre-CAS Interview for Nepali Students,https://edwisefoundation.com/pre-cas-interview-nepali-students/,,,
157,4. Finance,How much money will you need to cover tuition fees and living expenses?,1,agent,,NWC Education (Nepal) — Pre-CAS Interview Guide for Nepali Students,https://nwc.education/pre-cas-interview-questions-preparation-for-nepali/,,,
158,4. Finance,"Who is your financial sponsor, and what is their relationship to you?",1,agent,,NWC Education (Nepal) — Pre-CAS Interview Guide for Nepali Students,https://nwc.education/pre-cas-interview-questions-preparation-for-nepali/,,,
159,4. Finance,How will your financial sponsor support you during your studies?,1,agent,,NWC Education (Nepal) — Pre-CAS Interview Guide for Nepali Students,https://nwc.education/pre-cas-interview-questions-preparation-for-nepali/,,,
160,4. Finance,Do you have any scholarship awards or financial aid?,1,agent,,NWC Education (Nepal) — Pre-CAS Interview Guide for Nepali Students,https://nwc.education/pre-cas-interview-questions-preparation-for-nepali/,,,
161,4. Finance,Can you provide documents showing your sponsor can support you?,1,agent,,NWC Education (Nepal) — Pre-CAS Interview Guide for Nepali Students,https://nwc.education/pre-cas-interview-questions-preparation-for-nepali/,,,
162,4. Finance,"How will you manage extra costs, such as travel or emergencies?",1,agent,,NWC Education (Nepal) — Pre-CAS Interview Guide for Nepali Students,https://nwc.education/pre-cas-interview-questions-preparation-for-nepali/,,,
163,4. Finance,What is the profession and annual income of your sponsor?,1,agent,,Optimus Global Education — UK Pre-CAS Interview 2026,https://www.optimusglobaledu.com/blogs/uk-pre-cas-interview-guide-2026,,,
164,4. Finance,"How much are your total tuition fees, and how much deposit have you paid?",1,agent,,Optimus Global Education — UK Pre-CAS Interview 2026,https://www.optimusglobaledu.com/blogs/uk-pre-cas-interview-guide-2026,,,
165,4. Finance,"How will you manage your living expenses in the UK, and what is the estimated cost?",1,agent,,Optimus Global Education — UK Pre-CAS Interview 2026,https://www.optimusglobaledu.com/blogs/uk-pre-cas-interview-guide-2026,,,
166,4. Finance,How much is your tuition fee for the first year? What is the living-cost requirement set by UKVI for your course location?,1,agent,,The Mentors Circle — UK Student Visa Interview Questions 2026: India Guide,https://thementorscircle.com/blogs/post/uk-student-visa-interview-questions-2026-indian-students-guide/,,,
167,4. Finance,"Have you paid the tuition deposit? How much, and on what date?",1,agent,,The Mentors Circle — UK Student Visa Interview Questions 2026: India Guide,https://thementorscircle.com/blogs/post/uk-student-visa-interview-questions-2026-indian-students-guide/,,,
168,4. Finance,"What is your sponsor's occupation, and what is their annual income?",1,agent,,The Mentors Circle — UK Student Visa Interview Questions 2026: India Guide,https://thementorscircle.com/blogs/post/uk-student-visa-interview-questions-2026-indian-students-guide/,,,
169,4. Finance,How long have these funds been in the bank account?,1,agent,,The Mentors Circle — UK Student Visa Interview Questions 2026: India Guide,https://thementorscircle.com/blogs/post/uk-student-visa-interview-questions-2026-indian-students-guide/,,,
170,4. Finance,"Is your education loan sanctioned or disbursed? Which bank, and what is the sanctioned amount?",1,agent,,The Mentors Circle — UK Student Visa Interview Questions 2026: India Guide,https://thementorscircle.com/blogs/post/uk-student-visa-interview-questions-2026-indian-students-guide/,,,
171,4. Finance,"If your funds are from a relative who is not your parent, what is your relationship, and when did you last meet them?",1,agent,,The Mentors Circle — UK Student Visa Interview Questions 2026: India Guide,https://thementorscircle.com/blogs/post/uk-student-visa-interview-questions-2026-indian-students-guide/,,,
172,4. Finance,How will you cover the second-year or second-semester costs?,1,agent,,The Mentors Circle — UK Student Visa Interview Questions 2026: India Guide,https://thementorscircle.com/blogs/post/uk-student-visa-interview-questions-2026-indian-students-guide/,,,
173,4. Finance,"What will you do if your sponsor's circumstances change — for example, if they lose their job?",1,agent,,The Mentors Circle — UK Student Visa Interview Questions 2026: India Guide,https://thementorscircle.com/blogs/post/uk-student-visa-interview-questions-2026-indian-students-guide/,,,
174,4. Finance,"How did your sponsor accumulate these funds, and over what period?",1,agent,,The Mentors Circle — UK Student Visa Interview Questions 2026: India Guide,https://thementorscircle.com/blogs/post/uk-student-visa-interview-questions-2026-indian-students-guide/,,,
175,4. Finance,What is the profession of your financial sponsor and what relationship are they to you?,1,agent,,Staffordshire University — Guide to Credibility Interviews (PDF),https://www.staffs.ac.uk/international/pdf/guide-to-credibility-interviews.pdf,,,
176,4. Finance,"Do you have evidence of the financial status of your financial sponsor, e.g. bank statements for the last six months, bonds, investments etc?",1,agent,,Staffordshire University — Guide to Credibility Interviews (PDF),https://www.staffs.ac.uk/international/pdf/guide-to-credibility-interviews.pdf,,,
177,4. Finance,Are you able to verify the genuineness of these documents?,1,agent,,Staffordshire University — Guide to Credibility Interviews (PDF),https://www.staffs.ac.uk/international/pdf/guide-to-credibility-interviews.pdf,,,
178,4. Finance,Can you prove the money is available for study?,1,agent,,Staffordshire University — Guide to Credibility Interviews (PDF),https://www.staffs.ac.uk/international/pdf/guide-to-credibility-interviews.pdf,,,
179,4. Finance,Do you know the likely hourly rate of pay?,1,agent,,Staffordshire University — Guide to Credibility Interviews (PDF),https://www.staffs.ac.uk/international/pdf/guide-to-credibility-interviews.pdf,,,
180,4. Finance,How reliant are you on being able to work?,1,agent,,Staffordshire University — Guide to Credibility Interviews (PDF),https://www.staffs.ac.uk/international/pdf/guide-to-credibility-interviews.pdf,,,
181,4. Finance,What is your course fee?,1,agent,,Leverage Edu — UK Student Visa Interview Questions and Answers,https://leverageedu.com/blog/uk-student-visa-questions/,,,
182,4. Finance,How will you pay for your course in the UK?,1,agent,,Leverage Edu — UK Student Visa Interview Questions and Answers,https://leverageedu.com/blog/uk-student-visa-questions/,,,
183,4. Finance,What are the tuition fees for the chosen course?,1,agent,,Leverage Edu Learn — Pre-CAS Interview Prep: Commonly Asked Questions,https://leverageedu.com/learn/visa-pre-cas-interview/,,,
184,4. Finance,By whom will your studies be funded?,1,agent,,Leverage Edu Learn — Pre-CAS Interview Prep: Commonly Asked Questions,https://leverageedu.com/learn/visa-pre-cas-interview/,,,
185,4. Finance,How did you acquire the funds for your education?,1,agent,,AEC Overseas — Top UK Student Visa Interview Questions and Answers,https://www.aecoverseas.com/blog/uk-student-visa-interview-questions-answers/,,,
186,4. Finance,"Who is funding your education, and how will you cover living expenses?",1,agent,,UKVisa.blog — UK Student Visa Interview 2025: Best Tips to Show Credibility,https://ukvisa.blog/uk-student-visa-interview/,,,
187,4. Finance,How Much Is Your Tuition Fee?,1,agent,,Innovation Immigration — UK Student Visa Interview Questions 2026,https://innovationimmigration.co.in/uk-student-visa-interview-questions-2026-what-indian-students-should-expect/,,,
188,4. Finance,Have You Taken an Education Loan?,1,agent,,Innovation Immigration — UK Student Visa Interview Questions 2026,https://innovationimmigration.co.in/uk-student-visa-interview-questions-2026-what-indian-students-should-expect/,,,
189,4. Finance,"Who is sponsoring you, and what is their occupation and income?",1,agent,,Global Pathways — UK Student Visa Interview Questions (2026 Guide),https://www.globalpathways.co.uk/uk-student-visa-interview-questions/,,,
190,4. Finance,Your statement shows a large deposit in May — where did that come from?,1,agent,,Global Pathways — UK Student Visa Interview Questions (2026 Guide),https://www.globalpathways.co.uk/uk-student-visa-interview-questions/,,,
191,4. Finance,"How much is your tuition, and how much have you paid?",1,agent,,Global Pathways — UK Student Visa Interview Questions (2026 Guide),https://www.globalpathways.co.uk/uk-student-visa-interview-questions/,,,
192,5. Post-study plans,What are your career plans after completing your course?,1,primary,,Oxford Brookes University — UKVI Credibility interviews,https://www.brookes.ac.uk/students/isat/visas/student-visa/credibility-interviews,,,
193,5. Post-study plans,Do you plan to return to your home country? Why?,1,primary,,Oxford Brookes University — UKVI Credibility interviews,https://www.brookes.ac.uk/students/isat/visas/student-visa/credibility-interviews,,,
194,5. Post-study plans,How will this qualification support your long-term goals?,1,primary,,Oxford Brookes University — UKVI Credibility interviews,https://www.brookes.ac.uk/students/isat/visas/student-visa/credibility-interviews,,,
195,5. Post-study plans,How will studying this course help you achieve this?,1,primary,,University of Aberdeen — Credibility Interview,https://www.abdn.ac.uk/study/international/credibility-interview-2559.php,,,
196,5. Post-study plans,What is your expected salary on return to your home country?,1,primary,,University of Aberdeen — Credibility Interview,https://www.abdn.ac.uk/study/international/credibility-interview-2559.php,,,
197,5. Post-study plans,What do you intend to do when your visa expires?,1,primary,,University of Aberdeen — Credibility Interview,https://www.abdn.ac.uk/study/international/credibility-interview-2559.php,,,
198,5. Post-study plans,What do you want to do after graduation?,1,primary,,Middlesex University — Preparing for your credibility interview,https://www.mdx.ac.uk/international/student-visas/your-interview/,,,
199,5. Post-study plans,How will this qualification help you?,1,primary,,Middlesex University — Preparing for your credibility interview,https://www.mdx.ac.uk/international/student-visas/your-interview/,,,
200,5. Post-study plans,What are your plans after you graduate?,1,primary,,University of Westminster — Credibility interviews,https://www.westminster.ac.uk/international/visas-and-advice/visas/student-visa/credibility-interviews,,,
201,5. Post-study plans,What research have you done about future employment prosepects,1,primary,,University of Westminster — Credibility interviews,https://www.westminster.ac.uk/international/visas-and-advice/visas/student-visa/credibility-interviews,,,
202,5. Post-study plans,In what ways do you think this course will help you achieve your long-term ambitions?,1,primary,,Bournemouth University — Credibility interviews: information for international applicants,https://www.bournemouth.ac.uk/students/help-advice/international-students/immigration-visas/student-route-visa/visa-application-credibility-interviews,,,
203,5. Post-study plans,Do you intend to return to your home country after your studies?,1,primary,,Bournemouth University — Credibility interviews: information for international applicants,https://www.bournemouth.ac.uk/students/help-advice/international-students/immigration-visas/student-route-visa/visa-application-credibility-interviews,,,
204,5. Post-study plans,What are your plans after you have graduated?,1,primary,,University of Hertfordshire — Sponsorship interview,https://www.herts.ac.uk/international/apply/offer-holder-guidance/sponsorship-interview,,,
205,5. Post-study plans,"What do you plan to do once you have finished your studies? Do you plan to do further study, or go into work? If so, how and where?",1,primary,,University of Portsmouth — Credibility interviews,https://myport.port.ac.uk/study/international-students/visa-advice/credibility-interviews,,,
206,5. Post-study plans,What do you intend to do after finishing your course?,1,primary,,Sheffield Hallam University — Credibility interview practice questions (PDF),https://www.shu.ac.uk/-/media/home/international/files/int-credibility-interview-practice-qs.pdf,,,
207,5. Post-study plans,"If you intend to return home to seek employment, which companies do you hope to apply to?",1,primary,,Sheffield Hallam University — Credibility interview practice questions (PDF),https://www.shu.ac.uk/-/media/home/international/files/int-credibility-interview-practice-qs.pdf,,,
208,5. Post-study plans,How will studying this course help you with your future career plans?,1,primary,,University of Gloucestershire — Credibility interviews (Knowledge Base),https://www.glos.ac.uk/information/knowledge-base/credibility-interviews/,,,
209,5. Post-study plans,What are your plans after you complete your course?,1,primary,,University of Bradford — Credibility checks: Student visas,https://www.bradford.ac.uk/international/support/visa-support/student-visas/credibility-checks/,,,
210,5. Post-study plans,What do you plan to do after you graduate?,1,agent,,Edwise Foundation (Nepal) — Pre-CAS Interview for Nepali Students,https://edwisefoundation.com/pre-cas-interview-nepali-students/,,,
211,5. Post-study plans,How does this course help your career?,1,agent,,Edwise Foundation (Nepal) — Pre-CAS Interview for Nepali Students,https://edwisefoundation.com/pre-cas-interview-nepali-students/,,,
212,5. Post-study plans,How will studying this course in the UK contribute to your career goals?,1,agent,,NWC Education (Nepal) — Pre-CAS Interview Guide for Nepali Students,https://nwc.education/pre-cas-interview-questions-preparation-for-nepali/,,,
213,5. Post-study plans,"What are your long-term career goals, and how does this course fit?",1,agent,,NWC Education (Nepal) — Pre-CAS Interview Guide for Nepali Students,https://nwc.education/pre-cas-interview-questions-preparation-for-nepali/,,,
214,5. Post-study plans,What career opportunities will this degree open up for you?,1,agent,,NWC Education (Nepal) — Pre-CAS Interview Guide for Nepali Students,https://nwc.education/pre-cas-interview-questions-preparation-for-nepali/,,,
215,5. Post-study plans,Where do you see yourself working after completing your studies?,1,agent,,NWC Education (Nepal) — Pre-CAS Interview Guide for Nepali Students,https://nwc.education/pre-cas-interview-questions-preparation-for-nepali/,,,
216,5. Post-study plans,Are you planning to return to Nepal after completing your studies?,1,agent,,NWC Education (Nepal) — Pre-CAS Interview Guide for Nepali Students,https://nwc.education/pre-cas-interview-questions-preparation-for-nepali/,,,
217,5. Post-study plans,"If staying in the UK after studies, what are your career plans there?",1,agent,,NWC Education (Nepal) — Pre-CAS Interview Guide for Nepali Students,https://nwc.education/pre-cas-interview-questions-preparation-for-nepali/,,,
218,5. Post-study plans,What will you do if you cannot find a job in the UK?,1,agent,,NWC Education (Nepal) — Pre-CAS Interview Guide for Nepali Students,https://nwc.education/pre-cas-interview-questions-preparation-for-nepali/,,,
219,5. Post-study plans,What are your specific career plans immediately after graduation?,1,agent,,Optimus Global Education — UK Pre-CAS Interview 2026,https://www.optimusglobaledu.com/blogs/uk-pre-cas-interview-guide-2026,,,
220,5. Post-study plans,What job title and salary do you expect to secure in your home country after completing this degree?,1,agent,,Optimus Global Education — UK Pre-CAS Interview 2026,https://www.optimusglobaledu.com/blogs/uk-pre-cas-interview-guide-2026,,,
221,5. Post-study plans,Which companies in India would you target with this degree?,1,agent,,The Mentors Circle — UK Student Visa Interview Questions 2026: India Guide,https://thementorscircle.com/blogs/post/uk-student-visa-interview-questions-2026-indian-students-guide/,,,
222,5. Post-study plans,Why would you return to India when salaries in the UK are higher?,1,agent,,The Mentors Circle — UK Student Visa Interview Questions 2026: India Guide,https://thementorscircle.com/blogs/post/uk-student-visa-interview-questions-2026-indian-students-guide/,,,
223,5. Post-study plans,What ties do you have in India that would bring you back?,1,agent,,The Mentors Circle — UK Student Visa Interview Questions 2026: India Guide,https://thementorscircle.com/blogs/post/uk-student-visa-interview-questions-2026-indian-students-guide/,,,
224,5. Post-study plans,"Do you have a job, business, or property in India that you will return to?",1,agent,,The Mentors Circle — UK Student Visa Interview Questions 2026: India Guide,https://thementorscircle.com/blogs/post/uk-student-visa-interview-questions-2026-indian-students-guide/,,,
225,5. Post-study plans,"If you are awarded a UK degree, would you like to return for higher studies?",1,agent,,Leverage Edu — UK Student Visa Interview Questions and Answers,https://leverageedu.com/blog/uk-student-visa-questions/,,,
226,5. Post-study plans,What will you do after completing your studies in the UK?,1,agent,,Leverage Edu Learn — Pre-CAS Interview Prep: Commonly Asked Questions,https://leverageedu.com/learn/visa-pre-cas-interview/,,,
227,5. Post-study plans,What will you do after the course?,1,agent,,Global Pathways — UK Student Visa Interview Questions (2026 Guide),https://www.globalpathways.co.uk/uk-student-visa-interview-questions/,,,
228,5. Post-study plans,What ties do you have at home?,1,agent,,Global Pathways — UK Student Visa Interview Questions (2026 Guide),https://www.globalpathways.co.uk/uk-student-visa-interview-questions/,,,
229,10. Identity & personal,Do you have any friends or family in the UK?,1,primary,,University of Aberdeen — Credibility Interview,https://www.abdn.ac.uk/study/international/credibility-interview-2559.php,,,
230,10. Identity & personal,Will anyone be traveling with you to the UK? How will they support themselves in the UK?,1,primary,,SOAS University of London — Credibility Interviews: Student Visa Applications,https://www.soas.ac.uk/sites/default/files/2022-10/Credibility%20Interviews-%20student%20visa%20applications_0.pdf,,,
231,10. Identity & personal,"If you have dependants travelling with you, what will they be doing while you are studying?",1,primary,,Sheffield Hallam University — Credibility interview practice questions (PDF),https://www.shu.ac.uk/-/media/home/international/files/int-credibility-interview-practice-qs.pdf,,,
232,10. Identity & personal,Have you organised schooling for your children?,1,primary,,Sheffield Hallam University — Credibility interview practice questions (PDF),https://www.shu.ac.uk/-/media/home/international/files/int-credibility-interview-practice-qs.pdf,,,
233,10. Identity & personal,Will you have any family travelling with you?,1,primary,,University of Bradford — Credibility checks: Student visas,https://www.bradford.ac.uk/international/support/visa-support/student-visas/credibility-checks/,,,
234,10. Identity & personal,Do you have family in the UK?,1,primary,,University of Bradford — Credibility checks: Student visas,https://www.bradford.ac.uk/international/support/visa-support/student-visas/credibility-checks/,,,
235,10. Identity & personal,Do you have family in your home country?,1,primary,,University of Bradford — Credibility checks: Student visas,https://www.bradford.ac.uk/international/support/visa-support/student-visas/credibility-checks/,,,
236,10. Identity & personal,Give self-introduction.,1,agent,,Meridean Overseas Education Consultants — Pre-CAS Interview Preparation,https://www.meridean.org/blog/pre-cas-interview,,,
237,10. Identity & personal,Tell me about yourself.,1,agent,,Optimus Global Education — UK Pre-CAS Interview 2026,https://www.optimusglobaledu.com/blogs/uk-pre-cas-interview-guide-2026,,,
238,10. Identity & personal,Do you have relatives who have studied at a similar level or studied overseas?,1,agent,,Staffordshire University — Guide to Credibility Interviews (PDF),https://www.staffs.ac.uk/international/pdf/guide-to-credibility-interviews.pdf,,,
239,9. Visa & compliance,Have you held a previous visa? Have any of these been a Student visa?,1,primary,,University of Lincoln — Pre-CAS Interview | Information for Offer Holders,https://www.lincoln.ac.uk/studywithus/internationalstudents/informationforofferholders/pre-casinterview/,,,
240,9. Visa & compliance,Tell us about your family's immigration history.,1,primary,,University of Lincoln — Pre-CAS Interview | Information for Offer Holders,https://www.lincoln.ac.uk/studywithus/internationalstudents/informationforofferholders/pre-casinterview/,,,
241,9. Visa & compliance,Are you aware of UK student visa work restrictions?,1,primary,,Oxford Brookes University — UKVI Credibility interviews,https://www.brookes.ac.uk/students/isat/visas/student-visa/credibility-interviews,,,
242,9. Visa & compliance,Do you intend to work whilst studying in the UK?,1,primary,,SOAS University of London — Credibility Interviews: Student Visa Applications,https://www.soas.ac.uk/sites/default/files/2022-10/Credibility%20Interviews-%20student%20visa%20applications_0.pdf,,,
243,9. Visa & compliance,Did you comply with the conditions of any previous UK visas?,1,primary,,University of Reading — UKVI interview information for prospective students,https://www.reading.ac.uk/essentials/International/Visa-and-immigration/credibility-interviews,,,
244,9. Visa & compliance,"Have you ever had any visa refusals - if so, why?",1,primary,,University of Reading — UKVI interview information for prospective students,https://www.reading.ac.uk/essentials/International/Visa-and-immigration/credibility-interviews,,,
245,9. Visa & compliance,"If you have studied in the UK previously were your studies successful, and have you considered the Student visa time limit?",1,primary,,University of Reading — UKVI interview information for prospective students,https://www.reading.ac.uk/essentials/International/Visa-and-immigration/credibility-interviews,,,
246,9. Visa & compliance,Do you plan to work whilst you study in the UK?,1,primary,,University of Roehampton — Tier 4 Credibility Interview Guidance,https://www.roehampton.ac.uk/globalassets/documents/visas-and-immigration/credibility-interviews-0318.pdf/,,,
247,9. Visa & compliance,Can you tell me about any previous visas/visa applications?,1,primary,,University of Hertfordshire — Sponsorship interview,https://www.herts.ac.uk/international/apply/offer-holder-guidance/sponsorship-interview,,,
248,9. Visa & compliance,Have you had any previous UK visas?,1,primary,,University of Portsmouth — Credibility interviews,https://myport.port.ac.uk/study/international-students/visa-advice/credibility-interviews,,,
249,9. Visa & compliance,"Have you have ever breached the conditions of your visa, for example, overstaying?",1,primary,,University of Portsmouth — Credibility interviews,https://myport.port.ac.uk/study/international-students/visa-advice/credibility-interviews,,,
250,9. Visa & compliance,Do you intend to work in the UK during your studies?,1,primary,,Sheffield Hallam University — Credibility interview practice questions (PDF),https://www.shu.ac.uk/-/media/home/international/files/int-credibility-interview-practice-qs.pdf,,,
251,9. Visa & compliance,"If so, do you know how many hours you would be permitted to work under Tier 4?",1,primary,,Sheffield Hallam University — Credibility interview practice questions (PDF),https://www.shu.ac.uk/-/media/home/international/files/int-credibility-interview-practice-qs.pdf,,,
252,9. Visa & compliance,Do you plan on working while in the UK?,1,primary,,University of Bradford — Credibility checks: Student visas,https://www.bradford.ac.uk/international/support/visa-support/student-visas/credibility-checks/,,,
253,9. Visa & compliance,Will you be travelling with dependents?,1,agent,,Meridean Overseas Education Consultants — Pre-CAS Interview Preparation,https://www.meridean.org/blog/pre-cas-interview,,,
254,9. Visa & compliance,Do you plan to work while studying in the UK? How will you balance it?,1,agent,,NWC Education (Nepal) — Pre-CAS Interview Guide for Nepali Students,https://nwc.education/pre-cas-interview-questions-preparation-for-nepali/,,,
255,9. Visa & compliance,Do you have a family member or relative living in the UK?,1,agent,,NWC Education (Nepal) — Pre-CAS Interview Guide for Nepali Students,https://nwc.education/pre-cas-interview-questions-preparation-for-nepali/,,,
256,9. Visa & compliance,Do you plan to work part-time while studying?,1,agent,,Optimus Global Education — UK Pre-CAS Interview 2026,https://www.optimusglobaledu.com/blogs/uk-pre-cas-interview-guide-2026,,,
257,9. Visa & compliance,Are you considering using the UK Graduate Route?,1,agent,,The Mentors Circle — UK Student Visa Interview Questions 2026: India Guide,https://thementorscircle.com/blogs/post/uk-student-visa-interview-questions-2026-indian-students-guide/,,,
258,9. Visa & compliance,Do you intend to settle in the UK long-term?,1,agent,,The Mentors Circle — UK Student Visa Interview Questions 2026: India Guide,https://thementorscircle.com/blogs/post/uk-student-visa-interview-questions-2026-indian-students-guide/,,,
259,9. Visa & compliance,"Have you ever been refused a visa for any country — UK, US, Canada, Australia, Schengen? When, and for what reason?",1,agent,,The Mentors Circle — UK Student Visa Interview Questions 2026: India Guide,https://thementorscircle.com/blogs/post/uk-student-visa-interview-questions-2026-indian-students-guide/,,,
260,9. Visa & compliance,"Do you have any family members living in the UK, Canada, USA, Australia, or anywhere else outside India?",1,agent,,The Mentors Circle — UK Student Visa Interview Questions 2026: India Guide,https://thementorscircle.com/blogs/post/uk-student-visa-interview-questions-2026-indian-students-guide/,,,
261,9. Visa & compliance,Have you previously travelled to the UK? For what purpose?,1,agent,,The Mentors Circle — UK Student Visa Interview Questions 2026: India Guide,https://thementorscircle.com/blogs/post/uk-student-visa-interview-questions-2026-indian-students-guide/,,,
262,9. Visa & compliance,Are any dependants accompanying you?,1,agent,,The Mentors Circle — UK Student Visa Interview Questions 2026: India Guide,https://thementorscircle.com/blogs/post/uk-student-visa-interview-questions-2026-indian-students-guide/,,,
263,9. Visa & compliance,Have you held a UK visa before? Did you comply with its conditions?,1,agent,,The Mentors Circle — UK Student Visa Interview Questions 2026: India Guide,https://thementorscircle.com/blogs/post/uk-student-visa-interview-questions-2026-indian-students-guide/,,,
264,9. Visa & compliance,Have you ever overstayed or breached the conditions of any visa?,1,agent,,The Mentors Circle — UK Student Visa Interview Questions 2026: India Guide,https://thementorscircle.com/blogs/post/uk-student-visa-interview-questions-2026-indian-students-guide/,,,
265,9. Visa & compliance,Do you or your immediate family have any pending immigration or PR applications elsewhere?,1,agent,,The Mentors Circle — UK Student Visa Interview Questions 2026: India Guide,https://thementorscircle.com/blogs/post/uk-student-visa-interview-questions-2026-indian-students-guide/,,,
266,9. Visa & compliance,Do you understand the responsibilities of students entering the UK under Tier 4 of the points based system (PBS)?,1,agent,,Staffordshire University — Guide to Credibility Interviews (PDF),https://www.staffs.ac.uk/international/pdf/guide-to-credibility-interviews.pdf,,,
267,9. Visa & compliance,Do you know whether you are entitled to work part-time in the UK?,1,agent,,Staffordshire University — Guide to Credibility Interviews (PDF),https://www.staffs.ac.uk/international/pdf/guide-to-credibility-interviews.pdf,,,
268,9. Visa & compliance,What UK visas have you had before?,1,agent,,Staffordshire University — Guide to Credibility Interviews (PDF),https://www.staffs.ac.uk/international/pdf/guide-to-credibility-interviews.pdf,,,
269,9. Visa & compliance,Have you ever breached any of the conditions of your UK visas?,1,agent,,Staffordshire University — Guide to Credibility Interviews (PDF),https://www.staffs.ac.uk/international/pdf/guide-to-credibility-interviews.pdf,,,
270,9. Visa & compliance,Have you studied in the UK before? Why are you studying here again?,1,agent,,Staffordshire University — Guide to Credibility Interviews (PDF),https://www.staffs.ac.uk/international/pdf/guide-to-credibility-interviews.pdf,,,
271,9. Visa & compliance,Have you ever applied for a visa to visit another country?,1,agent,,Leverage Edu — UK Student Visa Interview Questions and Answers,https://leverageedu.com/blog/uk-student-visa-questions/,,,
272,9. Visa & compliance,Do you intend to work in the UK after completing your course?,1,agent,,Leverage Edu — UK Student Visa Interview Questions and Answers,https://leverageedu.com/blog/uk-student-visa-questions/,,,
273,9. Visa & compliance,"Have you ever had a visa application refused, and if yes, what was the reason behind it?",1,agent,,Leverage Edu — UK Student Visa Interview Questions and Answers,https://leverageedu.com/blog/uk-student-visa-questions/,,,
274,9. Visa & compliance,Have you applied for any other visas in the past? What was the outcome?,1,agent,,UKVisa.blog — UK Student Visa Interview 2025: Best Tips to Show Credibility,https://ukvisa.blog/uk-student-visa-interview/,,,
275,9. Visa & compliance,What will your spouse do while you're studying in the UK?,1,agent,,UKVisa.blog — UK Student Visa Interview 2025: Best Tips to Show Credibility,https://ukvisa.blog/uk-student-visa-interview/,,,
276,9. Visa & compliance,Do you plan to stay in the UK?,1,agent,,Global Pathways — UK Student Visa Interview Questions (2026 Guide),https://www.globalpathways.co.uk/uk-student-visa-interview-questions/,,,
277,9. Visa & compliance,Do you have any relatives in the UK?,1,agent,,Rajveer Chahal — UKVI Credibility Interview Questions & Answers 2026,https://rajveerchahal.com/ukvi-credibility-interview-questions-answers-2026/,,,
278,12. Other,What do you plan to do in your free time?,1,agent,,The Mentors Circle — UK Student Visa Interview Questions 2026: India Guide,https://thementorscircle.com/blogs/post/uk-student-visa-interview-questions-2026-indian-students-guide/,,,
279,12. Other,"What challenges do you expect as an international student, and how will you manage them?",1,agent,,The Mentors Circle — UK Student Visa Interview Questions 2026: India Guide,https://thementorscircle.com/blogs/post/uk-student-visa-interview-questions-2026-indian-students-guide/,,,
280,12. Other,Do you think your course is appropriate for someone your age?,1,agent,,Staffordshire University — Guide to Credibility Interviews (PDF),https://www.staffs.ac.uk/international/pdf/guide-to-credibility-interviews.pdf,,,
281,12. Other,How will you spend your semester breaks?,1,agent,,AEC Overseas — Top UK Student Visa Interview Questions and Answers,https://www.aecoverseas.com/blog/uk-student-visa-interview-questions-answers/,,,
282,12. Other,Why Should the UK Grant You a Student Visa?,1,agent,,Innovation Immigration — UK Student Visa Interview Questions 2026,https://innovationimmigration.co.in/uk-student-visa-interview-questions-2026-what-indian-students-should-expect/,,,
283,7. Study gap,"If you have had a gap in study, explain why you are returning to study, and how this will help your future career.",1,primary,,Oxford Brookes University — UKVI Credibility interviews,https://www.brookes.ac.uk/students/isat/visas/student-visa/credibility-interviews,,,
284,7. Study gap,Can you explain any gaps in your years of study or work?,1,primary,,Coventry University — Credibility interviews,https://www.coventry.ac.uk/international-students-hub/coming-to-the-uk/your-visa/credibility-interviews/,,,
285,7. Study gap,"If you are pursuing postgraduate study, why is there a gap between your proposed study and your previous study?",1,primary,,University of Aberdeen — Credibility Interview,https://www.abdn.ac.uk/study/international/credibility-interview-2559.php,,,
286,7. Study gap,What have you being doing since you completed your last studies?,1,primary,,University of Aberdeen — Credibility Interview,https://www.abdn.ac.uk/study/international/credibility-interview-2559.php,,,
287,7. Study gap,"If you have had a significant break in your studies, why do you want to return to the UK?",1,primary,,University of Gloucestershire — Credibility interviews (Knowledge Base),https://www.glos.ac.uk/information/knowledge-base/credibility-interviews/,,,
288,7. Study gap,Tell us about your study gap.,1,agent,,Meridean Overseas Education Consultants — Pre-CAS Interview Preparation,https://www.meridean.org/blog/pre-cas-interview,,,
289,7. Study gap,"Do you have any study gaps, and what did you do during them?",1,agent,,Edwise Foundation (Nepal) — Pre-CAS Interview for Nepali Students,https://edwisefoundation.com/pre-cas-interview-nepali-students/,,,
290,7. Study gap,Can you explain any gaps in your education or work experience?,1,agent,,NWC Education (Nepal) — Pre-CAS Interview Guide for Nepali Students,https://nwc.education/pre-cas-interview-questions-preparation-for-nepali/,,,
291,7. Study gap,Can you explain the study gap between your last qualification and now?,1,agent,,Optimus Global Education — UK Pre-CAS Interview 2026,https://www.optimusglobaledu.com/blogs/uk-pre-cas-interview-guide-2026,,,
292,7. Study gap,Why is there a gap of [X years] between your previous studies and now?,1,agent,,The Mentors Circle — UK Student Visa Interview Questions 2026: India Guide,https://thementorscircle.com/blogs/post/uk-student-visa-interview-questions-2026-indian-students-guide/,,,
293,7. Study gap,"What were you doing during that gap — work, exam preparation, family responsibility?",1,agent,,The Mentors Circle — UK Student Visa Interview Questions 2026: India Guide,https://thementorscircle.com/blogs/post/uk-student-visa-interview-questions-2026-indian-students-guide/,,,
294,7. Study gap,Why is there such a long gap between your last course and this new one?,1,agent,,Staffordshire University — Guide to Credibility Interviews (PDF),https://www.staffs.ac.uk/international/pdf/guide-to-credibility-interviews.pdf,,,
295,7. Study gap,Why are you starting your studies again now after such a long break?,1,agent,,Leverage Edu — UK Student Visa Interview Questions and Answers,https://leverageedu.com/blog/uk-student-visa-questions/,,,
296,7. Study gap,How did you spend your time during the study gap?,1,agent,,Leverage Edu Learn — Pre-CAS Interview Prep: Commonly Asked Questions,https://leverageedu.com/learn/visa-pre-cas-interview/,,,
297,7. Study gap,What have you done since you graduated?,1,agent,,Global Pathways — UK Student Visa Interview Questions (2026 Guide),https://www.globalpathways.co.uk/uk-student-visa-interview-questions/,,,
298,3. Why this course,What will you learn in these modules?,1,primary,,University of Lincoln — Pre-CAS Interview | Information for Offer Holders,https://www.lincoln.ac.uk/studywithus/internationalstudents/informationforofferholders/pre-casinterview/,,,
299,3. Why this course,What optional modules do you intend to study?,1,primary,,University of Lincoln — Pre-CAS Interview | Information for Offer Holders,https://www.lincoln.ac.uk/studywithus/internationalstudents/informationforofferholders/pre-casinterview/,,,
300,3. Why this course,"Which modules are you most interested in, and why?",1,primary,,Oxford Brookes University — UKVI Credibility interviews,https://www.brookes.ac.uk/students/isat/visas/student-visa/credibility-interviews,,,
301,3. Why this course,"How will the course be assessed (e.g. exams, coursework, projects)?",1,primary,,Oxford Brookes University — UKVI Credibility interviews,https://www.brookes.ac.uk/students/isat/visas/student-visa/credibility-interviews,,,
302,3. Why this course,Which module or modules are you most excited to study and why?,1,primary,,Coventry University — Credibility interviews,https://www.coventry.ac.uk/international-students-hub/coming-to-the-uk/your-visa/credibility-interviews/,,,
303,3. Why this course,What motivated you to choose your course of study?,1,primary,,Northumbria University — Credibility interviews,https://www.northumbria.ac.uk/study-at-northumbria/immigration/credibility-interviews/,,,
304,3. Why this course,What do you know about your course? Do you know how you'll be assessed and the modules you'll be studying?,1,primary,,University of Kent — Credibility Interviews,https://www.kent.ac.uk/international/credibility-interviews,,,
305,3. Why this course,How many modules/subjects and credits does the course offer?,1,primary,,University of Aberdeen — Credibility Interview,https://www.abdn.ac.uk/study/international/credibility-interview-2559.php,,,
306,3. Why this course,Why do you think this course will be beneficial for you or enhance your current knowledge?,1,primary,,University of Aberdeen — Credibility Interview,https://www.abdn.ac.uk/study/international/credibility-interview-2559.php,,,
307,3. Why this course,How will your studies be assessed?,1,primary,,University of Aberdeen — Credibility Interview,https://www.abdn.ac.uk/study/international/credibility-interview-2559.php,,,
308,3. Why this course,What course are you going to study?,1,primary,,SOAS University of London — Credibility Interviews: Student Visa Applications,https://www.soas.ac.uk/sites/default/files/2022-10/Credibility%20Interviews-%20student%20visa%20applications_0.pdf,,,
309,3. Why this course,What modules are you planning to take?,1,primary,,SOAS University of London — Credibility Interviews: Student Visa Applications,https://www.soas.ac.uk/sites/default/files/2022-10/Credibility%20Interviews-%20student%20visa%20applications_0.pdf,,,
310,3. Why this course,What qualification does the course lead to?,1,primary,,SOAS University of London — Credibility Interviews: Student Visa Applications,https://www.soas.ac.uk/sites/default/files/2022-10/Credibility%20Interviews-%20student%20visa%20applications_0.pdf,,,
311,3. Why this course,What degree will you study at the UOW and why did you choose this course?,1,primary,,University of Westminster — Credibility interviews,https://www.westminster.ac.uk/international/visas-and-advice/visas/student-visa/credibility-interviews,,,
312,3. Why this course,What are some of the modules you will study and why are you interested in these?,1,primary,,University of Westminster — Credibility interviews,https://www.westminster.ac.uk/international/visas-and-advice/visas/student-visa/credibility-interviews,,,
313,3. Why this course,What attracted you to study this course?,1,primary,,University of Reading — UKVI interview information for prospective students,https://www.reading.ac.uk/essentials/International/Visa-and-immigration/credibility-interviews,,,
314,3. Why this course,How will the course be delivered and assessed?,1,primary,,Birmingham City University — Credibility interviews,https://www.bcu.ac.uk/international/preparing-for-the-uk/getting-your-visa/credibility-interviews,,,
315,3. Why this course,What are your personal reasons for choosing this specific course?,1,primary,,Bournemouth University — Credibility interviews: information for international applicants,https://www.bournemouth.ac.uk/students/help-advice/international-students/immigration-visas/student-route-visa/visa-application-credibility-interviews,,,
316,3. Why this course,Did you explore similar courses at other institutions? What made this course the most suitable?,1,primary,,Bournemouth University — Credibility interviews: information for international applicants,https://www.bournemouth.ac.uk/students/help-advice/international-students/immigration-visas/student-route-visa/visa-application-credibility-interviews,,,
317,3. Why this course,What are the names or topics of some of the modules you will study?,1,primary,,Bournemouth University — Credibility interviews: information for international applicants,https://www.bournemouth.ac.uk/students/help-advice/international-students/immigration-visas/student-route-visa/visa-application-credibility-interviews,,,
318,3. Why this course,What course are you studying and how long is it?,1,primary,,Sheffield Hallam University — Credibility interview practice questions (PDF),https://www.shu.ac.uk/-/media/home/international/files/int-credibility-interview-practice-qs.pdf,,,
319,3. Why this course,What qualifications will you receive?,1,primary,,Sheffield Hallam University — Credibility interview practice questions (PDF),https://www.shu.ac.uk/-/media/home/international/files/int-credibility-interview-practice-qs.pdf,,,
320,3. Why this course,What modules will you be studying and what qualification will you leave the University with?,1,primary,,University of Bradford — Credibility checks: Student visas,https://www.bradford.ac.uk/international/support/visa-support/student-visas/credibility-checks/,,,
321,3. Why this course,How long is it?,1,agent,,Edwise Foundation (Nepal) — Pre-CAS Interview for Nepali Students,https://edwisefoundation.com/pre-cas-interview-nepali-students/,,,
322,3. Why this course,"What specific course are you planning to study, and why?",1,agent,,NWC Education (Nepal) — Pre-CAS Interview Guide for Nepali Students,https://nwc.education/pre-cas-interview-questions-preparation-for-nepali/,,,
323,3. Why this course,What modules or topics within this course are most interesting?,1,agent,,NWC Education (Nepal) — Pre-CAS Interview Guide for Nepali Students,https://nwc.education/pre-cas-interview-questions-preparation-for-nepali/,,,
324,3. Why this course,Can you name at least three modules you will study in this course?,1,agent,,Optimus Global Education — UK Pre-CAS Interview 2026,https://www.optimusglobaledu.com/blogs/uk-pre-cas-interview-guide-2026,,,
325,3. Why this course,Why have you chosen this course at this university?,1,agent,,The Mentors Circle — UK Student Visa Interview Questions 2026: India Guide,https://thementorscircle.com/blogs/post/uk-student-visa-interview-questions-2026-indian-students-guide/,,,
326,3. Why this course,What modules will you be studying in your first semester?,1,agent,,The Mentors Circle — UK Student Visa Interview Questions 2026: India Guide,https://thementorscircle.com/blogs/post/uk-student-visa-interview-questions-2026-indian-students-guide/,,,
327,3. Why this course,Name three core modules of your programme and explain what one covers.,1,agent,,The Mentors Circle — UK Student Visa Interview Questions 2026: India Guide,https://thementorscircle.com/blogs/post/uk-student-visa-interview-questions-2026-indian-students-guide/,,,
328,3. Why this course,Who is the course leader or programme director?,1,agent,,The Mentors Circle — UK Student Visa Interview Questions 2026: India Guide,https://thementorscircle.com/blogs/post/uk-student-visa-interview-questions-2026-indian-students-guide/,,,
329,3. Why this course,"What is the duration of the course, and how is it assessed?",1,agent,,The Mentors Circle — UK Student Visa Interview Questions 2026: India Guide,https://thementorscircle.com/blogs/post/uk-student-visa-interview-questions-2026-indian-students-guide/,,,
330,3. Why this course,What are the different course modules?,1,agent,,Leverage Edu Learn — Pre-CAS Interview Prep: Commonly Asked Questions,https://leverageedu.com/learn/visa-pre-cas-interview/,,,
331,3. Why this course,How many credit hours are required to complete a bachelor's or master's degree?,1,agent,,Leverage Edu Learn — Pre-CAS Interview Prep: Commonly Asked Questions,https://leverageedu.com/learn/visa-pre-cas-interview/,,,
332,3. Why this course,What Are the Course Details?,1,agent,,Innovation Immigration — UK Student Visa Interview Questions 2026,https://innovationimmigration.co.in/uk-student-visa-interview-questions-2026-what-indian-students-should-expect/,,,
333,3. Why this course,How well do you understand your course?,1,agent,,University of Plymouth — UKVI credibility interviews,https://www.plymouth.ac.uk/services/international-student-advice/ukvi-credibility-interviews,,,
334,1. Why the UK,What other countries did you consider? Why?,1,primary,,University of Lincoln — Pre-CAS Interview | Information for Offer Holders,https://www.lincoln.ac.uk/studywithus/internationalstudents/informationforofferholders/pre-casinterview/,,,
335,1. Why the UK,What have you learned about the UK education system?,1,primary,,Oxford Brookes University — UKVI Credibility interviews,https://www.brookes.ac.uk/students/isat/visas/student-visa/credibility-interviews,,,
336,1. Why the UK,"Which other countries did you consider (e.g. USA, Canada, Australia), and what were your academic reasons for choosing the UK rather than other countries?",1,primary,,Oxford Brookes University — UKVI Credibility interviews,https://www.brookes.ac.uk/students/isat/visas/student-visa/credibility-interviews,,,
337,1. Why the UK,What you know about the UK education system,1,primary,,Coventry University — Credibility interviews,https://www.coventry.ac.uk/international-students-hub/coming-to-the-uk/your-visa/credibility-interviews/,,,
338,1. Why the UK,Why did you choose to study in the UK and not in your own country or other English speaking countries?,1,primary,,University of Aberdeen — Credibility Interview,https://www.abdn.ac.uk/study/international/credibility-interview-2559.php,,,
339,1. Why the UK,What are your reasons for studying in the UK?,1,primary,,University of Westminster — Credibility interviews,https://www.westminster.ac.uk/international/visas-and-advice/visas/student-visa/credibility-interviews,,,
340,1. Why the UK,Did you consider any other countries and what made you decide on the UK?,1,primary,,University of Westminster — Credibility interviews,https://www.westminster.ac.uk/international/visas-and-advice/visas/student-visa/credibility-interviews,,,
341,1. Why the UK,How would study in the UK differ from studying in your home country?,1,primary,,University of Reading — UKVI interview information for prospective students,https://www.reading.ac.uk/essentials/International/Visa-and-immigration/credibility-interviews,,,
342,1. Why the UK,"Why did you decide to come to the UK rather than, for example, Australia or the USA?",1,primary,,University of Reading — UKVI interview information for prospective students,https://www.reading.ac.uk/essentials/International/Visa-and-immigration/credibility-interviews,,,
343,1. Why the UK,How does studying in the UK fit into your personal or career plans?,1,primary,,Bournemouth University — Credibility interviews: information for international applicants,https://www.bournemouth.ac.uk/students/help-advice/international-students/immigration-visas/student-route-visa/visa-application-credibility-interviews,,,
344,1. Why the UK,What differences did you consider between studying in the UK and studying in your home country or another country?,1,primary,,Bournemouth University — Credibility interviews: information for international applicants,https://www.bournemouth.ac.uk/students/help-advice/international-students/immigration-visas/student-route-visa/visa-application-credibility-interviews,,,
345,1. Why the UK,What specific aspects of the UK's education system appeal to you?,1,primary,,Bournemouth University — Credibility interviews: information for international applicants,https://www.bournemouth.ac.uk/students/help-advice/international-students/immigration-visas/student-route-visa/visa-application-credibility-interviews,,,
346,1. Why the UK,How did you decide that the UK was the best place for you to achieve your academic goals?,1,primary,,Bournemouth University — Credibility interviews: information for international applicants,https://www.bournemouth.ac.uk/students/help-advice/international-students/immigration-visas/student-route-visa/visa-application-credibility-interviews,,,
347,1. Why the UK,What other countries have you considered and what universities did you look at?,1,primary,,University of Portsmouth — Credibility interviews,https://myport.port.ac.uk/study/international-students/visa-advice/credibility-interviews,,,
348,1. Why the UK,Did you consider other study destinations?,1,agent,,Meridean Overseas Education Consultants — Pre-CAS Interview Preparation,https://www.meridean.org/blog/pre-cas-interview,,,
349,1. Why the UK,Why do you want to study in the UK rather than Nepal or another country?,1,agent,,Edwise Foundation (Nepal) — Pre-CAS Interview for Nepali Students,https://edwisefoundation.com/pre-cas-interview-nepali-students/,,,
350,1. Why the UK,How does the UK's education system compare to that of Nepal?,1,agent,,NWC Education (Nepal) — Pre-CAS Interview Guide for Nepali Students,https://nwc.education/pre-cas-interview-questions-preparation-for-nepali/,,,
351,1. Why the UK,Why do you want to study in the UK instead of your home country or other countries like Australia or Canada?,1,agent,,Optimus Global Education — UK Pre-CAS Interview 2026,https://www.optimusglobaledu.com/blogs/uk-pre-cas-interview-guide-2026,,,
352,1. Why the UK,Why this course in the UK over a similar course in India?,1,agent,,The Mentors Circle — UK Student Visa Interview Questions 2026: India Guide,https://thementorscircle.com/blogs/post/uk-student-visa-interview-questions-2026-indian-students-guide/,,,
353,1. Why the UK,"What made you choose the UK for this subject over Ireland, Canada, or Australia?",1,agent,,The Mentors Circle — UK Student Visa Interview Questions 2026: India Guide,https://thementorscircle.com/blogs/post/uk-student-visa-interview-questions-2026-indian-students-guide/,,,
354,1. Why the UK,Walk me through how you decided on the UK as a study destination.,1,agent,,The Mentors Circle — UK Student Visa Interview Questions 2026: India Guide,https://thementorscircle.com/blogs/post/uk-student-visa-interview-questions-2026-indian-students-guide/,,,
355,1. Why the UK,Did you consider universities or locations other than the UK?,1,agent,,AEC Overseas — Top UK Student Visa Interview Questions and Answers,https://www.aecoverseas.com/blog/uk-student-visa-interview-questions-answers/,,,
356,1. Why the UK,Why didn't you study this course at home?,1,agent,,UKVisa.blog — UK Student Visa Interview 2025: Best Tips to Show Credibility,https://ukvisa.blog/uk-student-visa-interview/,,,
357,1. Why the UK,Why not study in your home country?,1,agent,,Rajveer Chahal — UKVI Credibility Interview Questions & Answers 2026,https://rajveerchahal.com/ukvi-credibility-interview-questions-answers-2026/,,,
358,2. Why this university,What do you know about Oxford Brookes University and why is it the best University for you to study academically?,1,primary,,Oxford Brookes University — UKVI Credibility interviews,https://www.brookes.ac.uk/students/isat/visas/student-visa/credibility-interviews,,,
359,2. Why this university,What do you know about the campus where you will be studying?,1,primary,,Oxford Brookes University — UKVI Credibility interviews,https://www.brookes.ac.uk/students/isat/visas/student-visa/credibility-interviews,,,
360,2. Why this university,What facilities and support services does the university offer?,1,primary,,Oxford Brookes University — UKVI Credibility interviews,https://www.brookes.ac.uk/students/isat/visas/student-visa/credibility-interviews,,,
361,2. Why this university,Where is Oxford located? How close is the campus to the city centre?,1,primary,,Oxford Brookes University — UKVI Credibility interviews,https://www.brookes.ac.uk/students/isat/visas/student-visa/credibility-interviews,,,
362,2. Why this university,"Which other UK universities offer a similar course, and why was Oxford Brookes the best choice for you academically?",1,primary,,Oxford Brookes University — UKVI Credibility interviews,https://www.brookes.ac.uk/students/isat/visas/student-visa/credibility-interviews,,,
363,2. Why this university,"Compare teaching styles with other universities you have considered, both in the UK and overseas.",1,primary,,Oxford Brookes University — UKVI Credibility interviews,https://www.brookes.ac.uk/students/isat/visas/student-visa/credibility-interviews,,,
364,2. Why this university,Why did you decide to study at Northumbria University?,1,primary,,Northumbria University — Credibility interviews,https://www.northumbria.ac.uk/study-at-northumbria/immigration/credibility-interviews/,,,
365,2. Why this university,Why did you choose the University of Aberdeen?,1,primary,,University of Aberdeen — Credibility Interview,https://www.abdn.ac.uk/study/international/credibility-interview-2559.php,,,Why did you choose Aberdeen?
366,2. Why this university,Where is the University of Aberdeen?,1,primary,,University of Aberdeen — Credibility Interview,https://www.abdn.ac.uk/study/international/credibility-interview-2559.php,,,
367,2. Why this university,How big is the University of Aberdeen?,1,primary,,University of Aberdeen — Credibility Interview,https://www.abdn.ac.uk/study/international/credibility-interview-2559.php,,,
368,2. Why this university,Why did you choose your institution?,1,primary,,Middlesex University — Preparing for your credibility interview,https://www.mdx.ac.uk/international/student-visas/your-interview/,,,
369,2. Why this university,Where is your institution?,1,primary,,Middlesex University — Preparing for your credibility interview,https://www.mdx.ac.uk/international/student-visas/your-interview/,,,
370,2. Why this university,How big is your institution?,1,primary,,Middlesex University — Preparing for your credibility interview,https://www.mdx.ac.uk/international/student-visas/your-interview/,,,
371,2. Why this university,Why did you choose this university (i.e. SOAS) to study in the UK?,1,primary,,SOAS University of London — Credibility Interviews: Student Visa Applications,https://www.soas.ac.uk/sites/default/files/2022-10/Credibility%20Interviews-%20student%20visa%20applications_0.pdf,,,
372,2. Why this university,Did you consider any other universities and what made you decide on this university?,1,primary,,University of Westminster — Credibility interviews,https://www.westminster.ac.uk/international/visas-and-advice/visas/student-visa/credibility-interviews,,,
373,2. Why this university,Describe the University campus – which campus is your course on?,1,primary,,University of Westminster — Credibility interviews,https://www.westminster.ac.uk/international/visas-and-advice/visas/student-visa/credibility-interviews,,,
374,2. Why this university,Can you describe the facilities at the University?,1,primary,,University of Westminster — Credibility interviews,https://www.westminster.ac.uk/international/visas-and-advice/visas/student-visa/credibility-interviews,,,
375,2. Why this university,Do you know how large the university is?,1,primary,,University of Reading — UKVI interview information for prospective students,https://www.reading.ac.uk/essentials/International/Visa-and-immigration/credibility-interviews,,,
376,2. Why this university,What facilities do you expect there to be at University of Reading?,1,primary,,University of Reading — UKVI interview information for prospective students,https://www.reading.ac.uk/essentials/International/Visa-and-immigration/credibility-interviews,,,
377,2. Why this university,What made Bournemouth University stand out compared to other UK universities?,1,primary,,Bournemouth University — Credibility interviews: information for international applicants,https://www.bournemouth.ac.uk/students/help-advice/international-students/immigration-visas/student-route-visa/visa-application-credibility-interviews,,,
378,2. Why this university,What did you discover about BU that influenced your decision?,1,primary,,Bournemouth University — Credibility interviews: information for international applicants,https://www.bournemouth.ac.uk/students/help-advice/international-students/immigration-visas/student-route-visa/visa-application-credibility-interviews,,,
379,2. Why this university,Were there other universities you considered in the UK? Why did you not choose them?,1,primary,,Bournemouth University — Credibility interviews: information for international applicants,https://www.bournemouth.ac.uk/students/help-advice/international-students/immigration-visas/student-route-visa/visa-application-credibility-interviews,,,
380,2. Why this university,"How do BU's facilities, location, or student support services relate to your needs or goals?",1,primary,,Bournemouth University — Credibility interviews: information for international applicants,https://www.bournemouth.ac.uk/students/help-advice/international-students/immigration-visas/student-route-visa/visa-application-credibility-interviews,,,
381,2. Why this university,"What role did the university's links to industry, placements, or rankings play in your choice?",1,primary,,Bournemouth University — Credibility interviews: information for international applicants,https://www.bournemouth.ac.uk/students/help-advice/international-students/immigration-visas/student-route-visa/visa-application-credibility-interviews,,,
382,2. Why this university,Why have you chosen the University of Hertfordshire?,1,primary,,University of Hertfordshire — Sponsorship interview,https://www.herts.ac.uk/international/apply/offer-holder-guidance/sponsorship-interview,,,
383,2. Why this university,Why did you choose to study at the University of Portsmouth instead of another university?,1,primary,,University of Portsmouth — Credibility interviews,https://myport.port.ac.uk/study/international-students/visa-advice/credibility-interviews,,,
384,2. Why this university,Why did you choose to study at Sheffield Hallam University?,1,primary,,Sheffield Hallam University — Credibility interview practice questions (PDF),https://www.shu.ac.uk/-/media/home/international/files/int-credibility-interview-practice-qs.pdf,,,
385,2. Why this university,Why did you choose the University of Gloucestershire?,1,primary,,University of Gloucestershire — Credibility interviews (Knowledge Base),https://www.glos.ac.uk/information/knowledge-base/credibility-interviews/,,,
386,2. Why this university,What made you choose the University of Bradford?,1,primary,,University of Bradford — Credibility checks: Student visas,https://www.bradford.ac.uk/international/support/visa-support/student-visas/credibility-checks/,,,
387,2. Why this university,What facilities are unique to your course/needs at the University of Bradford?,1,primary,,University of Bradford — Credibility checks: Student visas,https://www.bradford.ac.uk/international/support/visa-support/student-visas/credibility-checks/,,,
388,2. Why this university,Which campus and city will you study in?,1,agent,,Edwise Foundation (Nepal) — Pre-CAS Interview for Nepali Students,https://edwisefoundation.com/pre-cas-interview-nepali-students/,,,
389,2. Why this university,Why did you choose this particular university?,1,agent,,NWC Education (Nepal) — Pre-CAS Interview Guide for Nepali Students,https://nwc.education/pre-cas-interview-questions-preparation-for-nepali/,,,
390,2. Why this university,Do you know any alumni of this university? What are their experiences?,1,agent,,NWC Education (Nepal) — Pre-CAS Interview Guide for Nepali Students,https://nwc.education/pre-cas-interview-questions-preparation-for-nepali/,,,
391,2. Why this university,"What other universities did you consider, and why did you reject them?",1,agent,,Optimus Global Education — UK Pre-CAS Interview 2026,https://www.optimusglobaledu.com/blogs/uk-pre-cas-interview-guide-2026,,,
392,2. Why this university,What are the facilities available at our university that attracted you?,1,agent,,Optimus Global Education — UK Pre-CAS Interview 2026,https://www.optimusglobaledu.com/blogs/uk-pre-cas-interview-guide-2026,,,
393,2. Why this university,"Did you apply to any other UK universities? Which ones, and why did you decline their offers?",1,agent,,The Mentors Circle — UK Student Visa Interview Questions 2026: India Guide,https://thementorscircle.com/blogs/post/uk-student-visa-interview-questions-2026-indian-students-guide/,,,
394,2. Why this university,"How did you first hear about this university, and who assisted with your application?",1,agent,,The Mentors Circle — UK Student Visa Interview Questions 2026: India Guide,https://thementorscircle.com/blogs/post/uk-student-visa-interview-questions-2026-indian-students-guide/,,,
395,2. Why this university,"Did you consider studying any other course or studying at another university, either in the UK or overseas?",1,agent,,Leverage Edu — UK Student Visa Interview Questions and Answers,https://leverageedu.com/blog/uk-student-visa-questions/,,,
396,2. Why this university,Why do you want to study at this specific university?,1,agent,,Leverage Edu Learn — Pre-CAS Interview Prep: Commonly Asked Questions,https://leverageedu.com/learn/visa-pre-cas-interview/,,,
397,2. Why this university,Where is the location of the university?,1,agent,,Leverage Edu Learn — Pre-CAS Interview Prep: Commonly Asked Questions,https://leverageedu.com/learn/visa-pre-cas-interview/,,,
398,2. Why this university,What are the facilities and rankings of the university?,1,agent,,Leverage Edu Learn — Pre-CAS Interview Prep: Commonly Asked Questions,https://leverageedu.com/learn/visa-pre-cas-interview/,,,
399,2. Why this university,Why did you choose this particular university? How did you come across it?,1,agent,,AEC Overseas — Top UK Student Visa Interview Questions and Answers,https://www.aecoverseas.com/blog/uk-student-visa-interview-questions-answers/,,,
400,2. Why this university,"Why this university, and not one in your own country?",1,agent,,Global Pathways — UK Student Visa Interview Questions (2026 Guide),https://www.globalpathways.co.uk/uk-student-visa-interview-questions/,,,
401,2. Why this university,Where is your university?,1,agent,,Global Pathways — UK Student Visa Interview Questions (2026 Guide),https://www.globalpathways.co.uk/uk-student-visa-interview-questions/,,,
